mtllib retatrutide_vial.mtl
g GlassBody
usemtl Glass_DarkGreen
v 1.000000 -1.200000 0.000000
v 1.000000 1.200000 0.000000
v 0.995185 -1.200000 0.098017
v 0.995185 1.200000 0.098017
v 0.980785 -1.200000 0.195090
v 0.980785 1.200000 0.195090
v 0.956940 -1.200000 0.290285
v 0.956940 1.200000 0.290285
v 0.923880 -1.200000 0.382683
v 0.923880 1.200000 0.382683
v 0.881921 -1.200000 0.471397
v 0.881921 1.200000 0.471397
v 0.831470 -1.200000 0.555570
v 0.831470 1.200000 0.555570
v 0.773010 -1.200000 0.634393
v 0.773010 1.200000 0.634393
v 0.707107 -1.200000 0.707107
v 0.707107 1.200000 0.707107
v 0.634393 -1.200000 0.773010
v 0.634393 1.200000 0.773010
v 0.555570 -1.200000 0.831470
v 0.555570 1.200000 0.831470
v 0.471397 -1.200000 0.881921
v 0.471397 1.200000 0.881921
v 0.382683 -1.200000 0.923880
v 0.382683 1.200000 0.923880
v 0.290285 -1.200000 0.956940
v 0.290285 1.200000 0.956940
v 0.195090 -1.200000 0.980785
v 0.195090 1.200000 0.980785
v 0.098017 -1.200000 0.995185
v 0.098017 1.200000 0.995185
v 0.000000 -1.200000 1.000000
v 0.000000 1.200000 1.000000
v -0.098017 -1.200000 0.995185
v -0.098017 1.200000 0.995185
v -0.195090 -1.200000 0.980785
v -0.195090 1.200000 0.980785
v -0.290285 -1.200000 0.956940
v -0.290285 1.200000 0.956940
v -0.382683 -1.200000 0.923880
v -0.382683 1.200000 0.923880
v -0.471397 -1.200000 0.881921
v -0.471397 1.200000 0.881921
v -0.555570 -1.200000 0.831470
v -0.555570 1.200000 0.831470
v -0.634393 -1.200000 0.773010
v -0.634393 1.200000 0.773010
v -0.707107 -1.200000 0.707107
v -0.707107 1.200000 0.707107
v -0.773010 -1.200000 0.634393
v -0.773010 1.200000 0.634393
v -0.831470 -1.200000 0.555570
v -0.831470 1.200000 0.555570
v -0.881921 -1.200000 0.471397
v -0.881921 1.200000 0.471397
v -0.923880 -1.200000 0.382683
v -0.923880 1.200000 0.382683
v -0.956940 -1.200000 0.290285
v -0.956940 1.200000 0.290285
v -0.980785 -1.200000 0.195090
v -0.980785 1.200000 0.195090
v -0.995185 -1.200000 0.098017
v -0.995185 1.200000 0.098017
v -1.000000 -1.200000 0.000000
v -1.000000 1.200000 0.000000
v -0.995185 -1.200000 -0.098017
v -0.995185 1.200000 -0.098017
v -0.980785 -1.200000 -0.195090
v -0.980785 1.200000 -0.195090
v -0.956940 -1.200000 -0.290285
v -0.956940 1.200000 -0.290285
v -0.923880 -1.200000 -0.382683
v -0.923880 1.200000 -0.382683
v -0.881921 -1.200000 -0.471397
v -0.881921 1.200000 -0.471397
v -0.831470 -1.200000 -0.555570
v -0.831470 1.200000 -0.555570
v -0.773010 -1.200000 -0.634393
v -0.773010 1.200000 -0.634393
v -0.707107 -1.200000 -0.707107
v -0.707107 1.200000 -0.707107
v -0.634393 -1.200000 -0.773010
v -0.634393 1.200000 -0.773010
v -0.555570 -1.200000 -0.831470
v -0.555570 1.200000 -0.831470
v -0.471397 -1.200000 -0.881921
v -0.471397 1.200000 -0.881921
v -0.382683 -1.200000 -0.923880
v -0.382683 1.200000 -0.923880
v -0.290285 -1.200000 -0.956940
v -0.290285 1.200000 -0.956940
v -0.195090 -1.200000 -0.980785
v -0.195090 1.200000 -0.980785
v -0.098017 -1.200000 -0.995185
v -0.098017 1.200000 -0.995185
v -0.000000 -1.200000 -1.000000
v -0.000000 1.200000 -1.000000
v 0.098017 -1.200000 -0.995185
v 0.098017 1.200000 -0.995185
v 0.195090 -1.200000 -0.980785
v 0.195090 1.200000 -0.980785
v 0.290285 -1.200000 -0.956940
v 0.290285 1.200000 -0.956940
v 0.382683 -1.200000 -0.923880
v 0.382683 1.200000 -0.923880
v 0.471397 -1.200000 -0.881921
v 0.471397 1.200000 -0.881921
v 0.555570 -1.200000 -0.831470
v 0.555570 1.200000 -0.831470
v 0.634393 -1.200000 -0.773010
v 0.634393 1.200000 -0.773010
v 0.707107 -1.200000 -0.707107
v 0.707107 1.200000 -0.707107
v 0.773010 -1.200000 -0.634393
v 0.773010 1.200000 -0.634393
v 0.831470 -1.200000 -0.555570
v 0.831470 1.200000 -0.555570
v 0.881921 -1.200000 -0.471397
v 0.881921 1.200000 -0.471397
v 0.923880 -1.200000 -0.382683
v 0.923880 1.200000 -0.382683
v 0.956940 -1.200000 -0.290285
v 0.956940 1.200000 -0.290285
v 0.980785 -1.200000 -0.195090
v 0.980785 1.200000 -0.195090
v 0.995185 -1.200000 -0.098017
v 0.995185 1.200000 -0.098017
v 1.000000 -1.200000 -0.000000
v 1.000000 1.200000 -0.000000
vt 0.000000 0.000000
vt 0.000000 1.000000
vt 0.015625 0.000000
vt 0.015625 1.000000
vt 0.031250 0.000000
vt 0.031250 1.000000
vt 0.046875 0.000000
vt 0.046875 1.000000
vt 0.062500 0.000000
vt 0.062500 1.000000
vt 0.078125 0.000000
vt 0.078125 1.000000
vt 0.093750 0.000000
vt 0.093750 1.000000
vt 0.109375 0.000000
vt 0.109375 1.000000
vt 0.125000 0.000000
vt 0.125000 1.000000
vt 0.140625 0.000000
vt 0.140625 1.000000
vt 0.156250 0.000000
vt 0.156250 1.000000
vt 0.171875 0.000000
vt 0.171875 1.000000
vt 0.187500 0.000000
vt 0.187500 1.000000
vt 0.203125 0.000000
vt 0.203125 1.000000
vt 0.218750 0.000000
vt 0.218750 1.000000
vt 0.234375 0.000000
vt 0.234375 1.000000
vt 0.250000 0.000000
vt 0.250000 1.000000
vt 0.265625 0.000000
vt 0.265625 1.000000
vt 0.281250 0.000000
vt 0.281250 1.000000
vt 0.296875 0.000000
vt 0.296875 1.000000
vt 0.312500 0.000000
vt 0.312500 1.000000
vt 0.328125 0.000000
vt 0.328125 1.000000
vt 0.343750 0.000000
vt 0.343750 1.000000
vt 0.359375 0.000000
vt 0.359375 1.000000
vt 0.375000 0.000000
vt 0.375000 1.000000
vt 0.390625 0.000000
vt 0.390625 1.000000
vt 0.406250 0.000000
vt 0.406250 1.000000
vt 0.421875 0.000000
vt 0.421875 1.000000
vt 0.437500 0.000000
vt 0.437500 1.000000
vt 0.453125 0.000000
vt 0.453125 1.000000
vt 0.468750 0.000000
vt 0.468750 1.000000
vt 0.484375 0.000000
vt 0.484375 1.000000
vt 0.500000 0.000000
vt 0.500000 1.000000
vt 0.515625 0.000000
vt 0.515625 1.000000
vt 0.531250 0.000000
vt 0.531250 1.000000
vt 0.546875 0.000000
vt 0.546875 1.000000
vt 0.562500 0.000000
vt 0.562500 1.000000
vt 0.578125 0.000000
vt 0.578125 1.000000
vt 0.593750 0.000000
vt 0.593750 1.000000
vt 0.609375 0.000000
vt 0.609375 1.000000
vt 0.625000 0.000000
vt 0.625000 1.000000
vt 0.640625 0.000000
vt 0.640625 1.000000
vt 0.656250 0.000000
vt 0.656250 1.000000
vt 0.671875 0.000000
vt 0.671875 1.000000
vt 0.687500 0.000000
vt 0.687500 1.000000
vt 0.703125 0.000000
vt 0.703125 1.000000
vt 0.718750 0.000000
vt 0.718750 1.000000
vt 0.734375 0.000000
vt 0.734375 1.000000
vt 0.750000 0.000000
vt 0.750000 1.000000
vt 0.765625 0.000000
vt 0.765625 1.000000
vt 0.781250 0.000000
vt 0.781250 1.000000
vt 0.796875 0.000000
vt 0.796875 1.000000
vt 0.812500 0.000000
vt 0.812500 1.000000
vt 0.828125 0.000000
vt 0.828125 1.000000
vt 0.843750 0.000000
vt 0.843750 1.000000
vt 0.859375 0.000000
vt 0.859375 1.000000
vt 0.875000 0.000000
vt 0.875000 1.000000
vt 0.890625 0.000000
vt 0.890625 1.000000
vt 0.906250 0.000000
vt 0.906250 1.000000
vt 0.921875 0.000000
vt 0.921875 1.000000
vt 0.937500 0.000000
vt 0.937500 1.000000
vt 0.953125 0.000000
vt 0.953125 1.000000
vt 0.968750 0.000000
vt 0.968750 1.000000
vt 0.984375 0.000000
vt 0.984375 1.000000
vt 1.000000 0.000000
vt 1.000000 1.000000
vn 1.000000 0.000000 0.000000
vn 1.000000 0.000000 0.000000
vn 0.995185 0.000000 0.098017
vn 0.995185 0.000000 0.098017
vn 0.980785 0.000000 0.195090
vn 0.980785 0.000000 0.195090
vn 0.956940 0.000000 0.290285
vn 0.956940 0.000000 0.290285
vn 0.923880 0.000000 0.382683
vn 0.923880 0.000000 0.382683
vn 0.881921 0.000000 0.471397
vn 0.881921 0.000000 0.471397
vn 0.831470 0.000000 0.555570
vn 0.831470 0.000000 0.555570
vn 0.773010 0.000000 0.634393
vn 0.773010 0.000000 0.634393
vn 0.707107 0.000000 0.707107
vn 0.707107 0.000000 0.707107
vn 0.634393 0.000000 0.773010
vn 0.634393 0.000000 0.773010
vn 0.555570 0.000000 0.831470
vn 0.555570 0.000000 0.831470
vn 0.471397 0.000000 0.881921
vn 0.471397 0.000000 0.881921
vn 0.382683 0.000000 0.923880
vn 0.382683 0.000000 0.923880
vn 0.290285 0.000000 0.956940
vn 0.290285 0.000000 0.956940
vn 0.195090 0.000000 0.980785
vn 0.195090 0.000000 0.980785
vn 0.098017 0.000000 0.995185
vn 0.098017 0.000000 0.995185
vn 0.000000 0.000000 1.000000
vn 0.000000 0.000000 1.000000
vn -0.098017 0.000000 0.995185
vn -0.098017 0.000000 0.995185
vn -0.195090 0.000000 0.980785
vn -0.195090 0.000000 0.980785
vn -0.290285 0.000000 0.956940
vn -0.290285 0.000000 0.956940
vn -0.382683 0.000000 0.923880
vn -0.382683 0.000000 0.923880
vn -0.471397 0.000000 0.881921
vn -0.471397 0.000000 0.881921
vn -0.555570 0.000000 0.831470
vn -0.555570 0.000000 0.831470
vn -0.634393 0.000000 0.773010
vn -0.634393 0.000000 0.773010
vn -0.707107 0.000000 0.707107
vn -0.707107 0.000000 0.707107
vn -0.773010 0.000000 0.634393
vn -0.773010 0.000000 0.634393
vn -0.831470 0.000000 0.555570
vn -0.831470 0.000000 0.555570
vn -0.881921 0.000000 0.471397
vn -0.881921 0.000000 0.471397
vn -0.923880 0.000000 0.382683
vn -0.923880 0.000000 0.382683
vn -0.956940 0.000000 0.290285
vn -0.956940 0.000000 0.290285
vn -0.980785 0.000000 0.195090
vn -0.980785 0.000000 0.195090
vn -0.995185 0.000000 0.098017
vn -0.995185 0.000000 0.098017
vn -1.000000 0.000000 0.000000
vn -1.000000 0.000000 0.000000
vn -0.995185 0.000000 -0.098017
vn -0.995185 0.000000 -0.098017
vn -0.980785 0.000000 -0.195090
vn -0.980785 0.000000 -0.195090
vn -0.956940 0.000000 -0.290285
vn -0.956940 0.000000 -0.290285
vn -0.923880 0.000000 -0.382683
vn -0.923880 0.000000 -0.382683
vn -0.881921 0.000000 -0.471397
vn -0.881921 0.000000 -0.471397
vn -0.831470 0.000000 -0.555570
vn -0.831470 0.000000 -0.555570
vn -0.773010 0.000000 -0.634393
vn -0.773010 0.000000 -0.634393
vn -0.707107 0.000000 -0.707107
vn -0.707107 0.000000 -0.707107
vn -0.634393 0.000000 -0.773010
vn -0.634393 0.000000 -0.773010
vn -0.555570 0.000000 -0.831470
vn -0.555570 0.000000 -0.831470
vn -0.471397 0.000000 -0.881921
vn -0.471397 0.000000 -0.881921
vn -0.382683 0.000000 -0.923880
vn -0.382683 0.000000 -0.923880
vn -0.290285 0.000000 -0.956940
vn -0.290285 0.000000 -0.956940
vn -0.195090 0.000000 -0.980785
vn -0.195090 0.000000 -0.980785
vn -0.098017 0.000000 -0.995185
vn -0.098017 0.000000 -0.995185
vn -0.000000 0.000000 -1.000000
vn -0.000000 0.000000 -1.000000
vn 0.098017 0.000000 -0.995185
vn 0.098017 0.000000 -0.995185
vn 0.195090 0.000000 -0.980785
vn 0.195090 0.000000 -0.980785
vn 0.290285 0.000000 -0.956940
vn 0.290285 0.000000 -0.956940
vn 0.382683 0.000000 -0.923880
vn 0.382683 0.000000 -0.923880
vn 0.471397 0.000000 -0.881921
vn 0.471397 0.000000 -0.881921
vn 0.555570 0.000000 -0.831470
vn 0.555570 0.000000 -0.831470
vn 0.634393 0.000000 -0.773010
vn 0.634393 0.000000 -0.773010
vn 0.707107 0.000000 -0.707107
vn 0.707107 0.000000 -0.707107
vn 0.773010 0.000000 -0.634393
vn 0.773010 0.000000 -0.634393
vn 0.831470 0.000000 -0.555570
vn 0.831470 0.000000 -0.555570
vn 0.881921 0.000000 -0.471397
vn 0.881921 0.000000 -0.471397
vn 0.923880 0.000000 -0.382683
vn 0.923880 0.000000 -0.382683
vn 0.956940 0.000000 -0.290285
vn 0.956940 0.000000 -0.290285
vn 0.980785 0.000000 -0.195090
vn 0.980785 0.000000 -0.195090
vn 0.995185 0.000000 -0.098017
vn 0.995185 0.000000 -0.098017
vn 1.000000 0.000000 -0.000000
vn 1.000000 0.000000 -0.000000
f 1/1/1 3/3/3 2/2/2
f 2/2/2 3/3/3 4/4/4
f 3/3/3 5/5/5 4/4/4
f 4/4/4 5/5/5 6/6/6
f 5/5/5 7/7/7 6/6/6
f 6/6/6 7/7/7 8/8/8
f 7/7/7 9/9/9 8/8/8
f 8/8/8 9/9/9 10/10/10
f 9/9/9 11/11/11 10/10/10
f 10/10/10 11/11/11 12/12/12
f 11/11/11 13/13/13 12/12/12
f 12/12/12 13/13/13 14/14/14
f 13/13/13 15/15/15 14/14/14
f 14/14/14 15/15/15 16/16/16
f 15/15/15 17/17/17 16/16/16
f 16/16/16 17/17/17 18/18/18
f 17/17/17 19/19/19 18/18/18
f 18/18/18 19/19/19 20/20/20
f 19/19/19 21/21/21 20/20/20
f 20/20/20 21/21/21 22/22/22
f 21/21/21 23/23/23 22/22/22
f 22/22/22 23/23/23 24/24/24
f 23/23/23 25/25/25 24/24/24
f 24/24/24 25/25/25 26/26/26
f 25/25/25 27/27/27 26/26/26
f 26/26/26 27/27/27 28/28/28
f 27/27/27 29/29/29 28/28/28
f 28/28/28 29/29/29 30/30/30
f 29/29/29 31/31/31 30/30/30
f 30/30/30 31/31/31 32/32/32
f 31/31/31 33/33/33 32/32/32
f 32/32/32 33/33/33 34/34/34
f 33/33/33 35/35/35 34/34/34
f 34/34/34 35/35/35 36/36/36
f 35/35/35 37/37/37 36/36/36
f 36/36/36 37/37/37 38/38/38
f 37/37/37 39/39/39 38/38/38
f 38/38/38 39/39/39 40/40/40
f 39/39/39 41/41/41 40/40/40
f 40/40/40 41/41/41 42/42/42
f 41/41/41 43/43/43 42/42/42
f 42/42/42 43/43/43 44/44/44
f 43/43/43 45/45/45 44/44/44
f 44/44/44 45/45/45 46/46/46
f 45/45/45 47/47/47 46/46/46
f 46/46/46 47/47/47 48/48/48
f 47/47/47 49/49/49 48/48/48
f 48/48/48 49/49/49 50/50/50
f 49/49/49 51/51/51 50/50/50
f 50/50/50 51/51/51 52/52/52
f 51/51/51 53/53/53 52/52/52
f 52/52/52 53/53/53 54/54/54
f 53/53/53 55/55/55 54/54/54
f 54/54/54 55/55/55 56/56/56
f 55/55/55 57/57/57 56/56/56
f 56/56/56 57/57/57 58/58/58
f 57/57/57 59/59/59 58/58/58
f 58/58/58 59/59/59 60/60/60
f 59/59/59 61/61/61 60/60/60
f 60/60/60 61/61/61 62/62/62
f 61/61/61 63/63/63 62/62/62
f 62/62/62 63/63/63 64/64/64
f 63/63/63 65/65/65 64/64/64
f 64/64/64 65/65/65 66/66/66
f 65/65/65 67/67/67 66/66/66
f 66/66/66 67/67/67 68/68/68
f 67/67/67 69/69/69 68/68/68
f 68/68/68 69/69/69 70/70/70
f 69/69/69 71/71/71 70/70/70
f 70/70/70 71/71/71 72/72/72
f 71/71/71 73/73/73 72/72/72
f 72/72/72 73/73/73 74/74/74
f 73/73/73 75/75/75 74/74/74
f 74/74/74 75/75/75 76/76/76
f 75/75/75 77/77/77 76/76/76
f 76/76/76 77/77/77 78/78/78
f 77/77/77 79/79/79 78/78/78
f 78/78/78 79/79/79 80/80/80
f 79/79/79 81/81/81 80/80/80
f 80/80/80 81/81/81 82/82/82
f 81/81/81 83/83/83 82/82/82
f 82/82/82 83/83/83 84/84/84
f 83/83/83 85/85/85 84/84/84
f 84/84/84 85/85/85 86/86/86
f 85/85/85 87/87/87 86/86/86
f 86/86/86 87/87/87 88/88/88
f 87/87/87 89/89/89 88/88/88
f 88/88/88 89/89/89 90/90/90
f 89/89/89 91/91/91 90/90/90
f 90/90/90 91/91/91 92/92/92
f 91/91/91 93/93/93 92/92/92
f 92/92/92 93/93/93 94/94/94
f 93/93/93 95/95/95 94/94/94
f 94/94/94 95/95/95 96/96/96
f 95/95/95 97/97/97 96/96/96
f 96/96/96 97/97/97 98/98/98
f 97/97/97 99/99/99 98/98/98
f 98/98/98 99/99/99 100/100/100
f 99/99/99 101/101/101 100/100/100
f 100/100/100 101/101/101 102/102/102
f 101/101/101 103/103/103 102/102/102
f 102/102/102 103/103/103 104/104/104
f 103/103/103 105/105/105 104/104/104
f 104/104/104 105/105/105 106/106/106
f 105/105/105 107/107/107 106/106/106
f 106/106/106 107/107/107 108/108/108
f 107/107/107 109/109/109 108/108/108
f 108/108/108 109/109/109 110/110/110
f 109/109/109 111/111/111 110/110/110
f 110/110/110 111/111/111 112/112/112
f 111/111/111 113/113/113 112/112/112
f 112/112/112 113/113/113 114/114/114
f 113/113/113 115/115/115 114/114/114
f 114/114/114 115/115/115 116/116/116
f 115/115/115 117/117/117 116/116/116
f 116/116/116 117/117/117 118/118/118
f 117/117/117 119/119/119 118/118/118
f 118/118/118 119/119/119 120/120/120
f 119/119/119 121/121/121 120/120/120
f 120/120/120 121/121/121 122/122/122
f 121/121/121 123/123/123 122/122/122
f 122/122/122 123/123/123 124/124/124
f 123/123/123 125/125/125 124/124/124
f 124/124/124 125/125/125 126/126/126
f 125/125/125 127/127/127 126/126/126
f 126/126/126 127/127/127 128/128/128
f 127/127/127 129/129/129 128/128/128
f 128/128/128 129/129/129 130/130/130
g GlassShoulder
usemtl Glass_DarkGreen
v 1.000000 1.200000 0.000000
v 0.550000 1.600000 0.000000
v 0.995185 1.200000 0.098017
v 0.547352 1.600000 0.053909
v 0.980785 1.200000 0.195090
v 0.539432 1.600000 0.107300
v 0.956940 1.200000 0.290285
v 0.526317 1.600000 0.159657
v 0.923880 1.200000 0.382683
v 0.508134 1.600000 0.210476
v 0.881921 1.200000 0.471397
v 0.485057 1.600000 0.259268
v 0.831470 1.200000 0.555570
v 0.457308 1.600000 0.305564
v 0.773010 1.200000 0.634393
v 0.425156 1.600000 0.348916
v 0.707107 1.200000 0.707107
v 0.388909 1.600000 0.388909
v 0.634393 1.200000 0.773010
v 0.348916 1.600000 0.425156
v 0.555570 1.200000 0.831470
v 0.305564 1.600000 0.457308
v 0.471397 1.200000 0.881921
v 0.259268 1.600000 0.485057
v 0.382683 1.200000 0.923880
v 0.210476 1.600000 0.508134
v 0.290285 1.200000 0.956940
v 0.159657 1.600000 0.526317
v 0.195090 1.200000 0.980785
v 0.107300 1.600000 0.539432
v 0.098017 1.200000 0.995185
v 0.053909 1.600000 0.547352
v 0.000000 1.200000 1.000000
v 0.000000 1.600000 0.550000
v -0.098017 1.200000 0.995185
v -0.053909 1.600000 0.547352
v -0.195090 1.200000 0.980785
v -0.107300 1.600000 0.539432
v -0.290285 1.200000 0.956940
v -0.159657 1.600000 0.526317
v -0.382683 1.200000 0.923880
v -0.210476 1.600000 0.508134
v -0.471397 1.200000 0.881921
v -0.259268 1.600000 0.485057
v -0.555570 1.200000 0.831470
v -0.305564 1.600000 0.457308
v -0.634393 1.200000 0.773010
v -0.348916 1.600000 0.425156
v -0.707107 1.200000 0.707107
v -0.388909 1.600000 0.388909
v -0.773010 1.200000 0.634393
v -0.425156 1.600000 0.348916
v -0.831470 1.200000 0.555570
v -0.457308 1.600000 0.305564
v -0.881921 1.200000 0.471397
v -0.485057 1.600000 0.259268
v -0.923880 1.200000 0.382683
v -0.508134 1.600000 0.210476
v -0.956940 1.200000 0.290285
v -0.526317 1.600000 0.159657
v -0.980785 1.200000 0.195090
v -0.539432 1.600000 0.107300
v -0.995185 1.200000 0.098017
v -0.547352 1.600000 0.053909
v -1.000000 1.200000 0.000000
v -0.550000 1.600000 0.000000
v -0.995185 1.200000 -0.098017
v -0.547352 1.600000 -0.053909
v -0.980785 1.200000 -0.195090
v -0.539432 1.600000 -0.107300
v -0.956940 1.200000 -0.290285
v -0.526317 1.600000 -0.159657
v -0.923880 1.200000 -0.382683
v -0.508134 1.600000 -0.210476
v -0.881921 1.200000 -0.471397
v -0.485057 1.600000 -0.259268
v -0.831470 1.200000 -0.555570
v -0.457308 1.600000 -0.305564
v -0.773010 1.200000 -0.634393
v -0.425156 1.600000 -0.348916
v -0.707107 1.200000 -0.707107
v -0.388909 1.600000 -0.388909
v -0.634393 1.200000 -0.773010
v -0.348916 1.600000 -0.425156
v -0.555570 1.200000 -0.831470
v -0.305564 1.600000 -0.457308
v -0.471397 1.200000 -0.881921
v -0.259268 1.600000 -0.485057
v -0.382683 1.200000 -0.923880
v -0.210476 1.600000 -0.508134
v -0.290285 1.200000 -0.956940
v -0.159657 1.600000 -0.526317
v -0.195090 1.200000 -0.980785
v -0.107300 1.600000 -0.539432
v -0.098017 1.200000 -0.995185
v -0.053909 1.600000 -0.547352
v -0.000000 1.200000 -1.000000
v -0.000000 1.600000 -0.550000
v 0.098017 1.200000 -0.995185
v 0.053909 1.600000 -0.547352
v 0.195090 1.200000 -0.980785
v 0.107300 1.600000 -0.539432
v 0.290285 1.200000 -0.956940
v 0.159657 1.600000 -0.526317
v 0.382683 1.200000 -0.923880
v 0.210476 1.600000 -0.508134
v 0.471397 1.200000 -0.881921
v 0.259268 1.600000 -0.485057
v 0.555570 1.200000 -0.831470
v 0.305564 1.600000 -0.457308
v 0.634393 1.200000 -0.773010
v 0.348916 1.600000 -0.425156
v 0.707107 1.200000 -0.707107
v 0.388909 1.600000 -0.388909
v 0.773010 1.200000 -0.634393
v 0.425156 1.600000 -0.348916
v 0.831470 1.200000 -0.555570
v 0.457308 1.600000 -0.305564
v 0.881921 1.200000 -0.471397
v 0.485057 1.600000 -0.259268
v 0.923880 1.200000 -0.382683
v 0.508134 1.600000 -0.210476
v 0.956940 1.200000 -0.290285
v 0.526317 1.600000 -0.159657
v 0.980785 1.200000 -0.195090
v 0.539432 1.600000 -0.107300
v 0.995185 1.200000 -0.098017
v 0.547352 1.600000 -0.053909
v 1.000000 1.200000 -0.000000
v 0.550000 1.600000 -0.000000
vt 0.000000 0.000000
vt 0.000000 1.000000
vt 0.015625 0.000000
vt 0.015625 1.000000
vt 0.031250 0.000000
vt 0.031250 1.000000
vt 0.046875 0.000000
vt 0.046875 1.000000
vt 0.062500 0.000000
vt 0.062500 1.000000
vt 0.078125 0.000000
vt 0.078125 1.000000
vt 0.093750 0.000000
vt 0.093750 1.000000
vt 0.109375 0.000000
vt 0.109375 1.000000
vt 0.125000 0.000000
vt 0.125000 1.000000
vt 0.140625 0.000000
vt 0.140625 1.000000
vt 0.156250 0.000000
vt 0.156250 1.000000
vt 0.171875 0.000000
vt 0.171875 1.000000
vt 0.187500 0.000000
vt 0.187500 1.000000
vt 0.203125 0.000000
vt 0.203125 1.000000
vt 0.218750 0.000000
vt 0.218750 1.000000
vt 0.234375 0.000000
vt 0.234375 1.000000
vt 0.250000 0.000000
vt 0.250000 1.000000
vt 0.265625 0.000000
vt 0.265625 1.000000
vt 0.281250 0.000000
vt 0.281250 1.000000
vt 0.296875 0.000000
vt 0.296875 1.000000
vt 0.312500 0.000000
vt 0.312500 1.000000
vt 0.328125 0.000000
vt 0.328125 1.000000
vt 0.343750 0.000000
vt 0.343750 1.000000
vt 0.359375 0.000000
vt 0.359375 1.000000
vt 0.375000 0.000000
vt 0.375000 1.000000
vt 0.390625 0.000000
vt 0.390625 1.000000
vt 0.406250 0.000000
vt 0.406250 1.000000
vt 0.421875 0.000000
vt 0.421875 1.000000
vt 0.437500 0.000000
vt 0.437500 1.000000
vt 0.453125 0.000000
vt 0.453125 1.000000
vt 0.468750 0.000000
vt 0.468750 1.000000
vt 0.484375 0.000000
vt 0.484375 1.000000
vt 0.500000 0.000000
vt 0.500000 1.000000
vt 0.515625 0.000000
vt 0.515625 1.000000
vt 0.531250 0.000000
vt 0.531250 1.000000
vt 0.546875 0.000000
vt 0.546875 1.000000
vt 0.562500 0.000000
vt 0.562500 1.000000
vt 0.578125 0.000000
vt 0.578125 1.000000
vt 0.593750 0.000000
vt 0.593750 1.000000
vt 0.609375 0.000000
vt 0.609375 1.000000
vt 0.625000 0.000000
vt 0.625000 1.000000
vt 0.640625 0.000000
vt 0.640625 1.000000
vt 0.656250 0.000000
vt 0.656250 1.000000
vt 0.671875 0.000000
vt 0.671875 1.000000
vt 0.687500 0.000000
vt 0.687500 1.000000
vt 0.703125 0.000000
vt 0.703125 1.000000
vt 0.718750 0.000000
vt 0.718750 1.000000
vt 0.734375 0.000000
vt 0.734375 1.000000
vt 0.750000 0.000000
vt 0.750000 1.000000
vt 0.765625 0.000000
vt 0.765625 1.000000
vt 0.781250 0.000000
vt 0.781250 1.000000
vt 0.796875 0.000000
vt 0.796875 1.000000
vt 0.812500 0.000000
vt 0.812500 1.000000
vt 0.828125 0.000000
vt 0.828125 1.000000
vt 0.843750 0.000000
vt 0.843750 1.000000
vt 0.859375 0.000000
vt 0.859375 1.000000
vt 0.875000 0.000000
vt 0.875000 1.000000
vt 0.890625 0.000000
vt 0.890625 1.000000
vt 0.906250 0.000000
vt 0.906250 1.000000
vt 0.921875 0.000000
vt 0.921875 1.000000
vt 0.937500 0.000000
vt 0.937500 1.000000
vt 0.953125 0.000000
vt 0.953125 1.000000
vt 0.968750 0.000000
vt 0.968750 1.000000
vt 0.984375 0.000000
vt 0.984375 1.000000
vt 1.000000 0.000000
vt 1.000000 1.000000
vn 1.000000 0.000000 0.000000
vn 1.000000 0.000000 0.000000
vn 0.995185 0.000000 0.098017
vn 0.995185 0.000000 0.098017
vn 0.980785 0.000000 0.195090
vn 0.980785 0.000000 0.195090
vn 0.956940 0.000000 0.290285
vn 0.956940 0.000000 0.290285
vn 0.923880 0.000000 0.382683
vn 0.923880 0.000000 0.382683
vn 0.881921 0.000000 0.471397
vn 0.881921 0.000000 0.471397
vn 0.831470 0.000000 0.555570
vn 0.831470 0.000000 0.555570
vn 0.773010 0.000000 0.634393
vn 0.773010 0.000000 0.634393
vn 0.707107 0.000000 0.707107
vn 0.707107 0.000000 0.707107
vn 0.634393 0.000000 0.773010
vn 0.634393 0.000000 0.773010
vn 0.555570 0.000000 0.831470
vn 0.555570 0.000000 0.831470
vn 0.471397 0.000000 0.881921
vn 0.471397 0.000000 0.881921
vn 0.382683 0.000000 0.923880
vn 0.382683 0.000000 0.923880
vn 0.290285 0.000000 0.956940
vn 0.290285 0.000000 0.956940
vn 0.195090 0.000000 0.980785
vn 0.195090 0.000000 0.980785
vn 0.098017 0.000000 0.995185
vn 0.098017 0.000000 0.995185
vn 0.000000 0.000000 1.000000
vn 0.000000 0.000000 1.000000
vn -0.098017 0.000000 0.995185
vn -0.098017 0.000000 0.995185
vn -0.195090 0.000000 0.980785
vn -0.195090 0.000000 0.980785
vn -0.290285 0.000000 0.956940
vn -0.290285 0.000000 0.956940
vn -0.382683 0.000000 0.923880
vn -0.382683 0.000000 0.923880
vn -0.471397 0.000000 0.881921
vn -0.471397 0.000000 0.881921
vn -0.555570 0.000000 0.831470
vn -0.555570 0.000000 0.831470
vn -0.634393 0.000000 0.773010
vn -0.634393 0.000000 0.773010
vn -0.707107 0.000000 0.707107
vn -0.707107 0.000000 0.707107
vn -0.773010 0.000000 0.634393
vn -0.773010 0.000000 0.634393
vn -0.831470 0.000000 0.555570
vn -0.831470 0.000000 0.555570
vn -0.881921 0.000000 0.471397
vn -0.881921 0.000000 0.471397
vn -0.923880 0.000000 0.382683
vn -0.923880 0.000000 0.382683
vn -0.956940 0.000000 0.290285
vn -0.956940 0.000000 0.290285
vn -0.980785 0.000000 0.195090
vn -0.980785 0.000000 0.195090
vn -0.995185 0.000000 0.098017
vn -0.995185 0.000000 0.098017
vn -1.000000 0.000000 0.000000
vn -1.000000 0.000000 0.000000
vn -0.995185 0.000000 -0.098017
vn -0.995185 0.000000 -0.098017
vn -0.980785 0.000000 -0.195090
vn -0.980785 0.000000 -0.195090
vn -0.956940 0.000000 -0.290285
vn -0.956940 0.000000 -0.290285
vn -0.923880 0.000000 -0.382683
vn -0.923880 0.000000 -0.382683
vn -0.881921 0.000000 -0.471397
vn -0.881921 0.000000 -0.471397
vn -0.831470 0.000000 -0.555570
vn -0.831470 0.000000 -0.555570
vn -0.773010 0.000000 -0.634393
vn -0.773010 0.000000 -0.634393
vn -0.707107 0.000000 -0.707107
vn -0.707107 0.000000 -0.707107
vn -0.634393 0.000000 -0.773010
vn -0.634393 0.000000 -0.773010
vn -0.555570 0.000000 -0.831470
vn -0.555570 0.000000 -0.831470
vn -0.471397 0.000000 -0.881921
vn -0.471397 0.000000 -0.881921
vn -0.382683 0.000000 -0.923880
vn -0.382683 0.000000 -0.923880
vn -0.290285 0.000000 -0.956940
vn -0.290285 0.000000 -0.956940
vn -0.195090 0.000000 -0.980785
vn -0.195090 0.000000 -0.980785
vn -0.098017 0.000000 -0.995185
vn -0.098017 0.000000 -0.995185
vn -0.000000 0.000000 -1.000000
vn -0.000000 0.000000 -1.000000
vn 0.098017 0.000000 -0.995185
vn 0.098017 0.000000 -0.995185
vn 0.195090 0.000000 -0.980785
vn 0.195090 0.000000 -0.980785
vn 0.290285 0.000000 -0.956940
vn 0.290285 0.000000 -0.956940
vn 0.382683 0.000000 -0.923880
vn 0.382683 0.000000 -0.923880
vn 0.471397 0.000000 -0.881921
vn 0.471397 0.000000 -0.881921
vn 0.555570 0.000000 -0.831470
vn 0.555570 0.000000 -0.831470
vn 0.634393 0.000000 -0.773010
vn 0.634393 0.000000 -0.773010
vn 0.707107 0.000000 -0.707107
vn 0.707107 0.000000 -0.707107
vn 0.773010 0.000000 -0.634393
vn 0.773010 0.000000 -0.634393
vn 0.831470 0.000000 -0.555570
vn 0.831470 0.000000 -0.555570
vn 0.881921 0.000000 -0.471397
vn 0.881921 0.000000 -0.471397
vn 0.923880 0.000000 -0.382683
vn 0.923880 0.000000 -0.382683
vn 0.956940 0.000000 -0.290285
vn 0.956940 0.000000 -0.290285
vn 0.980785 0.000000 -0.195090
vn 0.980785 0.000000 -0.195090
vn 0.995185 0.000000 -0.098017
vn 0.995185 0.000000 -0.098017
vn 1.000000 0.000000 -0.000000
vn 1.000000 0.000000 -0.000000
f 131/131/131 133/133/133 132/132/132
f 132/132/132 133/133/133 134/134/134
f 133/133/133 135/135/135 134/134/134
f 134/134/134 135/135/135 136/136/136
f 135/135/135 137/137/137 136/136/136
f 136/136/136 137/137/137 138/138/138
f 137/137/137 139/139/139 138/138/138
f 138/138/138 139/139/139 140/140/140
f 139/139/139 141/141/141 140/140/140
f 140/140/140 141/141/141 142/142/142
f 141/141/141 143/143/143 142/142/142
f 142/142/142 143/143/143 144/144/144
f 143/143/143 145/145/145 144/144/144
f 144/144/144 145/145/145 146/146/146
f 145/145/145 147/147/147 146/146/146
f 146/146/146 147/147/147 148/148/148
f 147/147/147 149/149/149 148/148/148
f 148/148/148 149/149/149 150/150/150
f 149/149/149 151/151/151 150/150/150
f 150/150/150 151/151/151 152/152/152
f 151/151/151 153/153/153 152/152/152
f 152/152/152 153/153/153 154/154/154
f 153/153/153 155/155/155 154/154/154
f 154/154/154 155/155/155 156/156/156
f 155/155/155 157/157/157 156/156/156
f 156/156/156 157/157/157 158/158/158
f 157/157/157 159/159/159 158/158/158
f 158/158/158 159/159/159 160/160/160
f 159/159/159 161/161/161 160/160/160
f 160/160/160 161/161/161 162/162/162
f 161/161/161 163/163/163 162/162/162
f 162/162/162 163/163/163 164/164/164
f 163/163/163 165/165/165 164/164/164
f 164/164/164 165/165/165 166/166/166
f 165/165/165 167/167/167 166/166/166
f 166/166/166 167/167/167 168/168/168
f 167/167/167 169/169/169 168/168/168
f 168/168/168 169/169/169 170/170/170
f 169/169/169 171/171/171 170/170/170
f 170/170/170 171/171/171 172/172/172
f 171/171/171 173/173/173 172/172/172
f 172/172/172 173/173/173 174/174/174
f 173/173/173 175/175/175 174/174/174
f 174/174/174 175/175/175 176/176/176
f 175/175/175 177/177/177 176/176/176
f 176/176/176 177/177/177 178/178/178
f 177/177/177 179/179/179 178/178/178
f 178/178/178 179/179/179 180/180/180
f 179/179/179 181/181/181 180/180/180
f 180/180/180 181/181/181 182/182/182
f 181/181/181 183/183/183 182/182/182
f 182/182/182 183/183/183 184/184/184
f 183/183/183 185/185/185 184/184/184
f 184/184/184 185/185/185 186/186/186
f 185/185/185 187/187/187 186/186/186
f 186/186/186 187/187/187 188/188/188
f 187/187/187 189/189/189 188/188/188
f 188/188/188 189/189/189 190/190/190
f 189/189/189 191/191/191 190/190/190
f 190/190/190 191/191/191 192/192/192
f 191/191/191 193/193/193 192/192/192
f 192/192/192 193/193/193 194/194/194
f 193/193/193 195/195/195 194/194/194
f 194/194/194 195/195/195 196/196/196
f 195/195/195 197/197/197 196/196/196
f 196/196/196 197/197/197 198/198/198
f 197/197/197 199/199/199 198/198/198
f 198/198/198 199/199/199 200/200/200
f 199/199/199 201/201/201 200/200/200
f 200/200/200 201/201/201 202/202/202
f 201/201/201 203/203/203 202/202/202
f 202/202/202 203/203/203 204/204/204
f 203/203/203 205/205/205 204/204/204
f 204/204/204 205/205/205 206/206/206
f 205/205/205 207/207/207 206/206/206
f 206/206/206 207/207/207 208/208/208
f 207/207/207 209/209/209 208/208/208
f 208/208/208 209/209/209 210/210/210
f 209/209/209 211/211/211 210/210/210
f 210/210/210 211/211/211 212/212/212
f 211/211/211 213/213/213 212/212/212
f 212/212/212 213/213/213 214/214/214
f 213/213/213 215/215/215 214/214/214
f 214/214/214 215/215/215 216/216/216
f 215/215/215 217/217/217 216/216/216
f 216/216/216 217/217/217 218/218/218
f 217/217/217 219/219/219 218/218/218
f 218/218/218 219/219/219 220/220/220
f 219/219/219 221/221/221 220/220/220
f 220/220/220 221/221/221 222/222/222
f 221/221/221 223/223/223 222/222/222
f 222/222/222 223/223/223 224/224/224
f 223/223/223 225/225/225 224/224/224
f 224/224/224 225/225/225 226/226/226
f 225/225/225 227/227/227 226/226/226
f 226/226/226 227/227/227 228/228/228
f 227/227/227 229/229/229 228/228/228
f 228/228/228 229/229/229 230/230/230
f 229/229/229 231/231/231 230/230/230
f 230/230/230 231/231/231 232/232/232
f 231/231/231 233/233/233 232/232/232
f 232/232/232 233/233/233 234/234/234
f 233/233/233 235/235/235 234/234/234
f 234/234/234 235/235/235 236/236/236
f 235/235/235 237/237/237 236/236/236
f 236/236/236 237/237/237 238/238/238
f 237/237/237 239/239/239 238/238/238
f 238/238/238 239/239/239 240/240/240
f 239/239/239 241/241/241 240/240/240
f 240/240/240 241/241/241 242/242/242
f 241/241/241 243/243/243 242/242/242
f 242/242/242 243/243/243 244/244/244
f 243/243/243 245/245/245 244/244/244
f 244/244/244 245/245/245 246/246/246
f 245/245/245 247/247/247 246/246/246
f 246/246/246 247/247/247 248/248/248
f 247/247/247 249/249/249 248/248/248
f 248/248/248 249/249/249 250/250/250
f 249/249/249 251/251/251 250/250/250
f 250/250/250 251/251/251 252/252/252
f 251/251/251 253/253/253 252/252/252
f 252/252/252 253/253/253 254/254/254
f 253/253/253 255/255/255 254/254/254
f 254/254/254 255/255/255 256/256/256
f 255/255/255 257/257/257 256/256/256
f 256/256/256 257/257/257 258/258/258
f 257/257/257 259/259/259 258/258/258
f 258/258/258 259/259/259 260/260/260
g GlassNeck
usemtl Glass_DarkGreen
v 0.550000 1.600000 0.000000
v 0.550000 1.900000 0.000000
v 0.547352 1.600000 0.053909
v 0.547352 1.900000 0.053909
v 0.539432 1.600000 0.107300
v 0.539432 1.900000 0.107300
v 0.526317 1.600000 0.159657
v 0.526317 1.900000 0.159657
v 0.508134 1.600000 0.210476
v 0.508134 1.900000 0.210476
v 0.485057 1.600000 0.259268
v 0.485057 1.900000 0.259268
v 0.457308 1.600000 0.305564
v 0.457308 1.900000 0.305564
v 0.425156 1.600000 0.348916
v 0.425156 1.900000 0.348916
v 0.388909 1.600000 0.388909
v 0.388909 1.900000 0.388909
v 0.348916 1.600000 0.425156
v 0.348916 1.900000 0.425156
v 0.305564 1.600000 0.457308
v 0.305564 1.900000 0.457308
v 0.259268 1.600000 0.485057
v 0.259268 1.900000 0.485057
v 0.210476 1.600000 0.508134
v 0.210476 1.900000 0.508134
v 0.159657 1.600000 0.526317
v 0.159657 1.900000 0.526317
v 0.107300 1.600000 0.539432
v 0.107300 1.900000 0.539432
v 0.053909 1.600000 0.547352
v 0.053909 1.900000 0.547352
v 0.000000 1.600000 0.550000
v 0.000000 1.900000 0.550000
v -0.053909 1.600000 0.547352
v -0.053909 1.900000 0.547352
v -0.107300 1.600000 0.539432
v -0.107300 1.900000 0.539432
v -0.159657 1.600000 0.526317
v -0.159657 1.900000 0.526317
v -0.210476 1.600000 0.508134
v -0.210476 1.900000 0.508134
v -0.259268 1.600000 0.485057
v -0.259268 1.900000 0.485057
v -0.305564 1.600000 0.457308
v -0.305564 1.900000 0.457308
v -0.348916 1.600000 0.425156
v -0.348916 1.900000 0.425156
v -0.388909 1.600000 0.388909
v -0.388909 1.900000 0.388909
v -0.425156 1.600000 0.348916
v -0.425156 1.900000 0.348916
v -0.457308 1.600000 0.305564
v -0.457308 1.900000 0.305564
v -0.485057 1.600000 0.259268
v -0.485057 1.900000 0.259268
v -0.508134 1.600000 0.210476
v -0.508134 1.900000 0.210476
v -0.526317 1.600000 0.159657
v -0.526317 1.900000 0.159657
v -0.539432 1.600000 0.107300
v -0.539432 1.900000 0.107300
v -0.547352 1.600000 0.053909
v -0.547352 1.900000 0.053909
v -0.550000 1.600000 0.000000
v -0.550000 1.900000 0.000000
v -0.547352 1.600000 -0.053909
v -0.547352 1.900000 -0.053909
v -0.539432 1.600000 -0.107300
v -0.539432 1.900000 -0.107300
v -0.526317 1.600000 -0.159657
v -0.526317 1.900000 -0.159657
v -0.508134 1.600000 -0.210476
v -0.508134 1.900000 -0.210476
v -0.485057 1.600000 -0.259268
v -0.485057 1.900000 -0.259268
v -0.457308 1.600000 -0.305564
v -0.457308 1.900000 -0.305564
v -0.425156 1.600000 -0.348916
v -0.425156 1.900000 -0.348916
v -0.388909 1.600000 -0.388909
v -0.388909 1.900000 -0.388909
v -0.348916 1.600000 -0.425156
v -0.348916 1.900000 -0.425156
v -0.305564 1.600000 -0.457308
v -0.305564 1.900000 -0.457308
v -0.259268 1.600000 -0.485057
v -0.259268 1.900000 -0.485057
v -0.210476 1.600000 -0.508134
v -0.210476 1.900000 -0.508134
v -0.159657 1.600000 -0.526317
v -0.159657 1.900000 -0.526317
v -0.107300 1.600000 -0.539432
v -0.107300 1.900000 -0.539432
v -0.053909 1.600000 -0.547352
v -0.053909 1.900000 -0.547352
v -0.000000 1.600000 -0.550000
v -0.000000 1.900000 -0.550000
v 0.053909 1.600000 -0.547352
v 0.053909 1.900000 -0.547352
v 0.107300 1.600000 -0.539432
v 0.107300 1.900000 -0.539432
v 0.159657 1.600000 -0.526317
v 0.159657 1.900000 -0.526317
v 0.210476 1.600000 -0.508134
v 0.210476 1.900000 -0.508134
v 0.259268 1.600000 -0.485057
v 0.259268 1.900000 -0.485057
v 0.305564 1.600000 -0.457308
v 0.305564 1.900000 -0.457308
v 0.348916 1.600000 -0.425156
v 0.348916 1.900000 -0.425156
v 0.388909 1.600000 -0.388909
v 0.388909 1.900000 -0.388909
v 0.425156 1.600000 -0.348916
v 0.425156 1.900000 -0.348916
v 0.457308 1.600000 -0.305564
v 0.457308 1.900000 -0.305564
v 0.485057 1.600000 -0.259268
v 0.485057 1.900000 -0.259268
v 0.508134 1.600000 -0.210476
v 0.508134 1.900000 -0.210476
v 0.526317 1.600000 -0.159657
v 0.526317 1.900000 -0.159657
v 0.539432 1.600000 -0.107300
v 0.539432 1.900000 -0.107300
v 0.547352 1.600000 -0.053909
v 0.547352 1.900000 -0.053909
v 0.550000 1.600000 -0.000000
v 0.550000 1.900000 -0.000000
vt 0.000000 0.000000
vt 0.000000 1.000000
vt 0.015625 0.000000
vt 0.015625 1.000000
vt 0.031250 0.000000
vt 0.031250 1.000000
vt 0.046875 0.000000
vt 0.046875 1.000000
vt 0.062500 0.000000
vt 0.062500 1.000000
vt 0.078125 0.000000
vt 0.078125 1.000000
vt 0.093750 0.000000
vt 0.093750 1.000000
vt 0.109375 0.000000
vt 0.109375 1.000000
vt 0.125000 0.000000
vt 0.125000 1.000000
vt 0.140625 0.000000
vt 0.140625 1.000000
vt 0.156250 0.000000
vt 0.156250 1.000000
vt 0.171875 0.000000
vt 0.171875 1.000000
vt 0.187500 0.000000
vt 0.187500 1.000000
vt 0.203125 0.000000
vt 0.203125 1.000000
vt 0.218750 0.000000
vt 0.218750 1.000000
vt 0.234375 0.000000
vt 0.234375 1.000000
vt 0.250000 0.000000
vt 0.250000 1.000000
vt 0.265625 0.000000
vt 0.265625 1.000000
vt 0.281250 0.000000
vt 0.281250 1.000000
vt 0.296875 0.000000
vt 0.296875 1.000000
vt 0.312500 0.000000
vt 0.312500 1.000000
vt 0.328125 0.000000
vt 0.328125 1.000000
vt 0.343750 0.000000
vt 0.343750 1.000000
vt 0.359375 0.000000
vt 0.359375 1.000000
vt 0.375000 0.000000
vt 0.375000 1.000000
vt 0.390625 0.000000
vt 0.390625 1.000000
vt 0.406250 0.000000
vt 0.406250 1.000000
vt 0.421875 0.000000
vt 0.421875 1.000000
vt 0.437500 0.000000
vt 0.437500 1.000000
vt 0.453125 0.000000
vt 0.453125 1.000000
vt 0.468750 0.000000
vt 0.468750 1.000000
vt 0.484375 0.000000
vt 0.484375 1.000000
vt 0.500000 0.000000
vt 0.500000 1.000000
vt 0.515625 0.000000
vt 0.515625 1.000000
vt 0.531250 0.000000
vt 0.531250 1.000000
vt 0.546875 0.000000
vt 0.546875 1.000000
vt 0.562500 0.000000
vt 0.562500 1.000000
vt 0.578125 0.000000
vt 0.578125 1.000000
vt 0.593750 0.000000
vt 0.593750 1.000000
vt 0.609375 0.000000
vt 0.609375 1.000000
vt 0.625000 0.000000
vt 0.625000 1.000000
vt 0.640625 0.000000
vt 0.640625 1.000000
vt 0.656250 0.000000
vt 0.656250 1.000000
vt 0.671875 0.000000
vt 0.671875 1.000000
vt 0.687500 0.000000
vt 0.687500 1.000000
vt 0.703125 0.000000
vt 0.703125 1.000000
vt 0.718750 0.000000
vt 0.718750 1.000000
vt 0.734375 0.000000
vt 0.734375 1.000000
vt 0.750000 0.000000
vt 0.750000 1.000000
vt 0.765625 0.000000
vt 0.765625 1.000000
vt 0.781250 0.000000
vt 0.781250 1.000000
vt 0.796875 0.000000
vt 0.796875 1.000000
vt 0.812500 0.000000
vt 0.812500 1.000000
vt 0.828125 0.000000
vt 0.828125 1.000000
vt 0.843750 0.000000
vt 0.843750 1.000000
vt 0.859375 0.000000
vt 0.859375 1.000000
vt 0.875000 0.000000
vt 0.875000 1.000000
vt 0.890625 0.000000
vt 0.890625 1.000000
vt 0.906250 0.000000
vt 0.906250 1.000000
vt 0.921875 0.000000
vt 0.921875 1.000000
vt 0.937500 0.000000
vt 0.937500 1.000000
vt 0.953125 0.000000
vt 0.953125 1.000000
vt 0.968750 0.000000
vt 0.968750 1.000000
vt 0.984375 0.000000
vt 0.984375 1.000000
vt 1.000000 0.000000
vt 1.000000 1.000000
vn 1.000000 0.000000 0.000000
vn 1.000000 0.000000 0.000000
vn 0.995185 0.000000 0.098017
vn 0.995185 0.000000 0.098017
vn 0.980785 0.000000 0.195090
vn 0.980785 0.000000 0.195090
vn 0.956940 0.000000 0.290285
vn 0.956940 0.000000 0.290285
vn 0.923880 0.000000 0.382683
vn 0.923880 0.000000 0.382683
vn 0.881921 0.000000 0.471397
vn 0.881921 0.000000 0.471397
vn 0.831470 0.000000 0.555570
vn 0.831470 0.000000 0.555570
vn 0.773010 0.000000 0.634393
vn 0.773010 0.000000 0.634393
vn 0.707107 0.000000 0.707107
vn 0.707107 0.000000 0.707107
vn 0.634393 0.000000 0.773010
vn 0.634393 0.000000 0.773010
vn 0.555570 0.000000 0.831470
vn 0.555570 0.000000 0.831470
vn 0.471397 0.000000 0.881921
vn 0.471397 0.000000 0.881921
vn 0.382683 0.000000 0.923880
vn 0.382683 0.000000 0.923880
vn 0.290285 0.000000 0.956940
vn 0.290285 0.000000 0.956940
vn 0.195090 0.000000 0.980785
vn 0.195090 0.000000 0.980785
vn 0.098017 0.000000 0.995185
vn 0.098017 0.000000 0.995185
vn 0.000000 0.000000 1.000000
vn 0.000000 0.000000 1.000000
vn -0.098017 0.000000 0.995185
vn -0.098017 0.000000 0.995185
vn -0.195090 0.000000 0.980785
vn -0.195090 0.000000 0.980785
vn -0.290285 0.000000 0.956940
vn -0.290285 0.000000 0.956940
vn -0.382683 0.000000 0.923880
vn -0.382683 0.000000 0.923880
vn -0.471397 0.000000 0.881921
vn -0.471397 0.000000 0.881921
vn -0.555570 0.000000 0.831470
vn -0.555570 0.000000 0.831470
vn -0.634393 0.000000 0.773010
vn -0.634393 0.000000 0.773010
vn -0.707107 0.000000 0.707107
vn -0.707107 0.000000 0.707107
vn -0.773010 0.000000 0.634393
vn -0.773010 0.000000 0.634393
vn -0.831470 0.000000 0.555570
vn -0.831470 0.000000 0.555570
vn -0.881921 0.000000 0.471397
vn -0.881921 0.000000 0.471397
vn -0.923880 0.000000 0.382683
vn -0.923880 0.000000 0.382683
vn -0.956940 0.000000 0.290285
vn -0.956940 0.000000 0.290285
vn -0.980785 0.000000 0.195090
vn -0.980785 0.000000 0.195090
vn -0.995185 0.000000 0.098017
vn -0.995185 0.000000 0.098017
vn -1.000000 0.000000 0.000000
vn -1.000000 0.000000 0.000000
vn -0.995185 0.000000 -0.098017
vn -0.995185 0.000000 -0.098017
vn -0.980785 0.000000 -0.195090
vn -0.980785 0.000000 -0.195090
vn -0.956940 0.000000 -0.290285
vn -0.956940 0.000000 -0.290285
vn -0.923880 0.000000 -0.382683
vn -0.923880 0.000000 -0.382683
vn -0.881921 0.000000 -0.471397
vn -0.881921 0.000000 -0.471397
vn -0.831470 0.000000 -0.555570
vn -0.831470 0.000000 -0.555570
vn -0.773010 0.000000 -0.634393
vn -0.773010 0.000000 -0.634393
vn -0.707107 0.000000 -0.707107
vn -0.707107 0.000000 -0.707107
vn -0.634393 0.000000 -0.773010
vn -0.634393 0.000000 -0.773010
vn -0.555570 0.000000 -0.831470
vn -0.555570 0.000000 -0.831470
vn -0.471397 0.000000 -0.881921
vn -0.471397 0.000000 -0.881921
vn -0.382683 0.000000 -0.923880
vn -0.382683 0.000000 -0.923880
vn -0.290285 0.000000 -0.956940
vn -0.290285 0.000000 -0.956940
vn -0.195090 0.000000 -0.980785
vn -0.195090 0.000000 -0.980785
vn -0.098017 0.000000 -0.995185
vn -0.098017 0.000000 -0.995185
vn -0.000000 0.000000 -1.000000
vn -0.000000 0.000000 -1.000000
vn 0.098017 0.000000 -0.995185
vn 0.098017 0.000000 -0.995185
vn 0.195090 0.000000 -0.980785
vn 0.195090 0.000000 -0.980785
vn 0.290285 0.000000 -0.956940
vn 0.290285 0.000000 -0.956940
vn 0.382683 0.000000 -0.923880
vn 0.382683 0.000000 -0.923880
vn 0.471397 0.000000 -0.881921
vn 0.471397 0.000000 -0.881921
vn 0.555570 0.000000 -0.831470
vn 0.555570 0.000000 -0.831470
vn 0.634393 0.000000 -0.773010
vn 0.634393 0.000000 -0.773010
vn 0.707107 0.000000 -0.707107
vn 0.707107 0.000000 -0.707107
vn 0.773010 0.000000 -0.634393
vn 0.773010 0.000000 -0.634393
vn 0.831470 0.000000 -0.555570
vn 0.831470 0.000000 -0.555570
vn 0.881921 0.000000 -0.471397
vn 0.881921 0.000000 -0.471397
vn 0.923880 0.000000 -0.382683
vn 0.923880 0.000000 -0.382683
vn 0.956940 0.000000 -0.290285
vn 0.956940 0.000000 -0.290285
vn 0.980785 0.000000 -0.195090
vn 0.980785 0.000000 -0.195090
vn 0.995185 0.000000 -0.098017
vn 0.995185 0.000000 -0.098017
vn 1.000000 0.000000 -0.000000
vn 1.000000 0.000000 -0.000000
f 261/261/261 263/263/263 262/262/262
f 262/262/262 263/263/263 264/264/264
f 263/263/263 265/265/265 264/264/264
f 264/264/264 265/265/265 266/266/266
f 265/265/265 267/267/267 266/266/266
f 266/266/266 267/267/267 268/268/268
f 267/267/267 269/269/269 268/268/268
f 268/268/268 269/269/269 270/270/270
f 269/269/269 271/271/271 270/270/270
f 270/270/270 271/271/271 272/272/272
f 271/271/271 273/273/273 272/272/272
f 272/272/272 273/273/273 274/274/274
f 273/273/273 275/275/275 274/274/274
f 274/274/274 275/275/275 276/276/276
f 275/275/275 277/277/277 276/276/276
f 276/276/276 277/277/277 278/278/278
f 277/277/277 279/279/279 278/278/278
f 278/278/278 279/279/279 280/280/280
f 279/279/279 281/281/281 280/280/280
f 280/280/280 281/281/281 282/282/282
f 281/281/281 283/283/283 282/282/282
f 282/282/282 283/283/283 284/284/284
f 283/283/283 285/285/285 284/284/284
f 284/284/284 285/285/285 286/286/286
f 285/285/285 287/287/287 286/286/286
f 286/286/286 287/287/287 288/288/288
f 287/287/287 289/289/289 288/288/288
f 288/288/288 289/289/289 290/290/290
f 289/289/289 291/291/291 290/290/290
f 290/290/290 291/291/291 292/292/292
f 291/291/291 293/293/293 292/292/292
f 292/292/292 293/293/293 294/294/294
f 293/293/293 295/295/295 294/294/294
f 294/294/294 295/295/295 296/296/296
f 295/295/295 297/297/297 296/296/296
f 296/296/296 297/297/297 298/298/298
f 297/297/297 299/299/299 298/298/298
f 298/298/298 299/299/299 300/300/300
f 299/299/299 301/301/301 300/300/300
f 300/300/300 301/301/301 302/302/302
f 301/301/301 303/303/303 302/302/302
f 302/302/302 303/303/303 304/304/304
f 303/303/303 305/305/305 304/304/304
f 304/304/304 305/305/305 306/306/306
f 305/305/305 307/307/307 306/306/306
f 306/306/306 307/307/307 308/308/308
f 307/307/307 309/309/309 308/308/308
f 308/308/308 309/309/309 310/310/310
f 309/309/309 311/311/311 310/310/310
f 310/310/310 311/311/311 312/312/312
f 311/311/311 313/313/313 312/312/312
f 312/312/312 313/313/313 314/314/314
f 313/313/313 315/315/315 314/314/314
f 314/314/314 315/315/315 316/316/316
f 315/315/315 317/317/317 316/316/316
f 316/316/316 317/317/317 318/318/318
f 317/317/317 319/319/319 318/318/318
f 318/318/318 319/319/319 320/320/320
f 319/319/319 321/321/321 320/320/320
f 320/320/320 321/321/321 322/322/322
f 321/321/321 323/323/323 322/322/322
f 322/322/322 323/323/323 324/324/324
f 323/323/323 325/325/325 324/324/324
f 324/324/324 325/325/325 326/326/326
f 325/325/325 327/327/327 326/326/326
f 326/326/326 327/327/327 328/328/328
f 327/327/327 329/329/329 328/328/328
f 328/328/328 329/329/329 330/330/330
f 329/329/329 331/331/331 330/330/330
f 330/330/330 331/331/331 332/332/332
f 331/331/331 333/333/333 332/332/332
f 332/332/332 333/333/333 334/334/334
f 333/333/333 335/335/335 334/334/334
f 334/334/334 335/335/335 336/336/336
f 335/335/335 337/337/337 336/336/336
f 336/336/336 337/337/337 338/338/338
f 337/337/337 339/339/339 338/338/338
f 338/338/338 339/339/339 340/340/340
f 339/339/339 341/341/341 340/340/340
f 340/340/340 341/341/341 342/342/342
f 341/341/341 343/343/343 342/342/342
f 342/342/342 343/343/343 344/344/344
f 343/343/343 345/345/345 344/344/344
f 344/344/344 345/345/345 346/346/346
f 345/345/345 347/347/347 346/346/346
f 346/346/346 347/347/347 348/348/348
f 347/347/347 349/349/349 348/348/348
f 348/348/348 349/349/349 350/350/350
f 349/349/349 351/351/351 350/350/350
f 350/350/350 351/351/351 352/352/352
f 351/351/351 353/353/353 352/352/352
f 352/352/352 353/353/353 354/354/354
f 353/353/353 355/355/355 354/354/354
f 354/354/354 355/355/355 356/356/356
f 355/355/355 357/357/357 356/356/356
f 356/356/356 357/357/357 358/358/358
f 357/357/357 359/359/359 358/358/358
f 358/358/358 359/359/359 360/360/360
f 359/359/359 361/361/361 360/360/360
f 360/360/360 361/361/361 362/362/362
f 361/361/361 363/363/363 362/362/362
f 362/362/362 363/363/363 364/364/364
f 363/363/363 365/365/365 364/364/364
f 364/364/364 365/365/365 366/366/366
f 365/365/365 367/367/367 366/366/366
f 366/366/366 367/367/367 368/368/368
f 367/367/367 369/369/369 368/368/368
f 368/368/368 369/369/369 370/370/370
f 369/369/369 371/371/371 370/370/370
f 370/370/370 371/371/371 372/372/372
f 371/371/371 373/373/373 372/372/372
f 372/372/372 373/373/373 374/374/374
f 373/373/373 375/375/375 374/374/374
f 374/374/374 375/375/375 376/376/376
f 375/375/375 377/377/377 376/376/376
f 376/376/376 377/377/377 378/378/378
f 377/377/377 379/379/379 378/378/378
f 378/378/378 379/379/379 380/380/380
f 379/379/379 381/381/381 380/380/380
f 380/380/380 381/381/381 382/382/382
f 381/381/381 383/383/383 382/382/382
f 382/382/382 383/383/383 384/384/384
f 383/383/383 385/385/385 384/384/384
f 384/384/384 385/385/385 386/386/386
f 385/385/385 387/387/387 386/386/386
f 386/386/386 387/387/387 388/388/388
f 387/387/387 389/389/389 388/388/388
f 388/388/388 389/389/389 390/390/390
g VialLabel
usemtl Label_Retatrutide
v 1.010000 -1.000000 0.000000
v 1.010000 0.800000 0.000000
v 1.005137 -1.000000 0.098997
v 1.005137 0.800000 0.098997
v 0.990593 -1.000000 0.197041
v 0.990593 0.800000 0.197041
v 0.966510 -1.000000 0.293188
v 0.966510 0.800000 0.293188
v 0.933118 -1.000000 0.386510
v 0.933118 0.800000 0.386510
v 0.890740 -1.000000 0.476111
v 0.890740 0.800000 0.476111
v 0.839784 -1.000000 0.561126
v 0.839784 0.800000 0.561126
v 0.780741 -1.000000 0.640737
v 0.780741 0.800000 0.640737
v 0.714178 -1.000000 0.714178
v 0.714178 0.800000 0.714178
v 0.640737 -1.000000 0.780741
v 0.640737 0.800000 0.780741
v 0.561126 -1.000000 0.839784
v 0.561126 0.800000 0.839784
v 0.476111 -1.000000 0.890740
v 0.476111 0.800000 0.890740
v 0.386510 -1.000000 0.933118
v 0.386510 0.800000 0.933118
v 0.293188 -1.000000 0.966510
v 0.293188 0.800000 0.966510
v 0.197041 -1.000000 0.990593
v 0.197041 0.800000 0.990593
v 0.098997 -1.000000 1.005137
v 0.098997 0.800000 1.005137
v 0.000000 -1.000000 1.010000
v 0.000000 0.800000 1.010000
v -0.098997 -1.000000 1.005137
v -0.098997 0.800000 1.005137
v -0.197041 -1.000000 0.990593
v -0.197041 0.800000 0.990593
v -0.293188 -1.000000 0.966510
v -0.293188 0.800000 0.966510
v -0.386510 -1.000000 0.933118
v -0.386510 0.800000 0.933118
v -0.476111 -1.000000 0.890740
v -0.476111 0.800000 0.890740
v -0.561126 -1.000000 0.839784
v -0.561126 0.800000 0.839784
v -0.640737 -1.000000 0.780741
v -0.640737 0.800000 0.780741
v -0.714178 -1.000000 0.714178
v -0.714178 0.800000 0.714178
v -0.780741 -1.000000 0.640737
v -0.780741 0.800000 0.640737
v -0.839784 -1.000000 0.561126
v -0.839784 0.800000 0.561126
v -0.890740 -1.000000 0.476111
v -0.890740 0.800000 0.476111
v -0.933118 -1.000000 0.386510
v -0.933118 0.800000 0.386510
v -0.966510 -1.000000 0.293188
v -0.966510 0.800000 0.293188
v -0.990593 -1.000000 0.197041
v -0.990593 0.800000 0.197041
v -1.005137 -1.000000 0.098997
v -1.005137 0.800000 0.098997
v -1.010000 -1.000000 0.000000
v -1.010000 0.800000 0.000000
v -1.005137 -1.000000 -0.098997
v -1.005137 0.800000 -0.098997
v -0.990593 -1.000000 -0.197041
v -0.990593 0.800000 -0.197041
v -0.966510 -1.000000 -0.293188
v -0.966510 0.800000 -0.293188
v -0.933118 -1.000000 -0.386510
v -0.933118 0.800000 -0.386510
v -0.890740 -1.000000 -0.476111
v -0.890740 0.800000 -0.476111
v -0.839784 -1.000000 -0.561126
v -0.839784 0.800000 -0.561126
v -0.780741 -1.000000 -0.640737
v -0.780741 0.800000 -0.640737
v -0.714178 -1.000000 -0.714178
v -0.714178 0.800000 -0.714178
v -0.640737 -1.000000 -0.780741
v -0.640737 0.800000 -0.780741
v -0.561126 -1.000000 -0.839784
v -0.561126 0.800000 -0.839784
v -0.476111 -1.000000 -0.890740
v -0.476111 0.800000 -0.890740
v -0.386510 -1.000000 -0.933118
v -0.386510 0.800000 -0.933118
v -0.293188 -1.000000 -0.966510
v -0.293188 0.800000 -0.966510
v -0.197041 -1.000000 -0.990593
v -0.197041 0.800000 -0.990593
v -0.098997 -1.000000 -1.005137
v -0.098997 0.800000 -1.005137
v -0.000000 -1.000000 -1.010000
v -0.000000 0.800000 -1.010000
v 0.098997 -1.000000 -1.005137
v 0.098997 0.800000 -1.005137
v 0.197041 -1.000000 -0.990593
v 0.197041 0.800000 -0.990593
v 0.293188 -1.000000 -0.966510
v 0.293188 0.800000 -0.966510
v 0.386510 -1.000000 -0.933118
v 0.386510 0.800000 -0.933118
v 0.476111 -1.000000 -0.890740
v 0.476111 0.800000 -0.890740
v 0.561126 -1.000000 -0.839784
v 0.561126 0.800000 -0.839784
v 0.640737 -1.000000 -0.780741
v 0.640737 0.800000 -0.780741
v 0.714178 -1.000000 -0.714178
v 0.714178 0.800000 -0.714178
v 0.780741 -1.000000 -0.640737
v 0.780741 0.800000 -0.640737
v 0.839784 -1.000000 -0.561126
v 0.839784 0.800000 -0.561126
v 0.890740 -1.000000 -0.476111
v 0.890740 0.800000 -0.476111
v 0.933118 -1.000000 -0.386510
v 0.933118 0.800000 -0.386510
v 0.966510 -1.000000 -0.293188
v 0.966510 0.800000 -0.293188
v 0.990593 -1.000000 -0.197041
v 0.990593 0.800000 -0.197041
v 1.005137 -1.000000 -0.098997
v 1.005137 0.800000 -0.098997
v 1.010000 -1.000000 -0.000000
v 1.010000 0.800000 -0.000000
vt 0.000000 0.000000
vt 0.000000 1.000000
vt 0.015625 0.000000
vt 0.015625 1.000000
vt 0.031250 0.000000
vt 0.031250 1.000000
vt 0.046875 0.000000
vt 0.046875 1.000000
vt 0.062500 0.000000
vt 0.062500 1.000000
vt 0.078125 0.000000
vt 0.078125 1.000000
vt 0.093750 0.000000
vt 0.093750 1.000000
vt 0.109375 0.000000
vt 0.109375 1.000000
vt 0.125000 0.000000
vt 0.125000 1.000000
vt 0.140625 0.000000
vt 0.140625 1.000000
vt 0.156250 0.000000
vt 0.156250 1.000000
vt 0.171875 0.000000
vt 0.171875 1.000000
vt 0.187500 0.000000
vt 0.187500 1.000000
vt 0.203125 0.000000
vt 0.203125 1.000000
vt 0.218750 0.000000
vt 0.218750 1.000000
vt 0.234375 0.000000
vt 0.234375 1.000000
vt 0.250000 0.000000
vt 0.250000 1.000000
vt 0.265625 0.000000
vt 0.265625 1.000000
vt 0.281250 0.000000
vt 0.281250 1.000000
vt 0.296875 0.000000
vt 0.296875 1.000000
vt 0.312500 0.000000
vt 0.312500 1.000000
vt 0.328125 0.000000
vt 0.328125 1.000000
vt 0.343750 0.000000
vt 0.343750 1.000000
vt 0.359375 0.000000
vt 0.359375 1.000000
vt 0.375000 0.000000
vt 0.375000 1.000000
vt 0.390625 0.000000
vt 0.390625 1.000000
vt 0.406250 0.000000
vt 0.406250 1.000000
vt 0.421875 0.000000
vt 0.421875 1.000000
vt 0.437500 0.000000
vt 0.437500 1.000000
vt 0.453125 0.000000
vt 0.453125 1.000000
vt 0.468750 0.000000
vt 0.468750 1.000000
vt 0.484375 0.000000
vt 0.484375 1.000000
vt 0.500000 0.000000
vt 0.500000 1.000000
vt 0.515625 0.000000
vt 0.515625 1.000000
vt 0.531250 0.000000
vt 0.531250 1.000000
vt 0.546875 0.000000
vt 0.546875 1.000000
vt 0.562500 0.000000
vt 0.562500 1.000000
vt 0.578125 0.000000
vt 0.578125 1.000000
vt 0.593750 0.000000
vt 0.593750 1.000000
vt 0.609375 0.000000
vt 0.609375 1.000000
vt 0.625000 0.000000
vt 0.625000 1.000000
vt 0.640625 0.000000
vt 0.640625 1.000000
vt 0.656250 0.000000
vt 0.656250 1.000000
vt 0.671875 0.000000
vt 0.671875 1.000000
vt 0.687500 0.000000
vt 0.687500 1.000000
vt 0.703125 0.000000
vt 0.703125 1.000000
vt 0.718750 0.000000
vt 0.718750 1.000000
vt 0.734375 0.000000
vt 0.734375 1.000000
vt 0.750000 0.000000
vt 0.750000 1.000000
vt 0.765625 0.000000
vt 0.765625 1.000000
vt 0.781250 0.000000
vt 0.781250 1.000000
vt 0.796875 0.000000
vt 0.796875 1.000000
vt 0.812500 0.000000
vt 0.812500 1.000000
vt 0.828125 0.000000
vt 0.828125 1.000000
vt 0.843750 0.000000
vt 0.843750 1.000000
vt 0.859375 0.000000
vt 0.859375 1.000000
vt 0.875000 0.000000
vt 0.875000 1.000000
vt 0.890625 0.000000
vt 0.890625 1.000000
vt 0.906250 0.000000
vt 0.906250 1.000000
vt 0.921875 0.000000
vt 0.921875 1.000000
vt 0.937500 0.000000
vt 0.937500 1.000000
vt 0.953125 0.000000
vt 0.953125 1.000000
vt 0.968750 0.000000
vt 0.968750 1.000000
vt 0.984375 0.000000
vt 0.984375 1.000000
vt 1.000000 0.000000
vt 1.000000 1.000000
vn 1.000000 0.000000 0.000000
vn 1.000000 0.000000 0.000000
vn 0.995185 0.000000 0.098017
vn 0.995185 0.000000 0.098017
vn 0.980785 0.000000 0.195090
vn 0.980785 0.000000 0.195090
vn 0.956940 0.000000 0.290285
vn 0.956940 0.000000 0.290285
vn 0.923880 0.000000 0.382683
vn 0.923880 0.000000 0.382683
vn 0.881921 0.000000 0.471397
vn 0.881921 0.000000 0.471397
vn 0.831470 0.000000 0.555570
vn 0.831470 0.000000 0.555570
vn 0.773010 0.000000 0.634393
vn 0.773010 0.000000 0.634393
vn 0.707107 0.000000 0.707107
vn 0.707107 0.000000 0.707107
vn 0.634393 0.000000 0.773010
vn 0.634393 0.000000 0.773010
vn 0.555570 0.000000 0.831470
vn 0.555570 0.000000 0.831470
vn 0.471397 0.000000 0.881921
vn 0.471397 0.000000 0.881921
vn 0.382683 0.000000 0.923880
vn 0.382683 0.000000 0.923880
vn 0.290285 0.000000 0.956940
vn 0.290285 0.000000 0.956940
vn 0.195090 0.000000 0.980785
vn 0.195090 0.000000 0.980785
vn 0.098017 0.000000 0.995185
vn 0.098017 0.000000 0.995185
vn 0.000000 0.000000 1.000000
vn 0.000000 0.000000 1.000000
vn -0.098017 0.000000 0.995185
vn -0.098017 0.000000 0.995185
vn -0.195090 0.000000 0.980785
vn -0.195090 0.000000 0.980785
vn -0.290285 0.000000 0.956940
vn -0.290285 0.000000 0.956940
vn -0.382683 0.000000 0.923880
vn -0.382683 0.000000 0.923880
vn -0.471397 0.000000 0.881921
vn -0.471397 0.000000 0.881921
vn -0.555570 0.000000 0.831470
vn -0.555570 0.000000 0.831470
vn -0.634393 0.000000 0.773010
vn -0.634393 0.000000 0.773010
vn -0.707107 0.000000 0.707107
vn -0.707107 0.000000 0.707107
vn -0.773010 0.000000 0.634393
vn -0.773010 0.000000 0.634393
vn -0.831470 0.000000 0.555570
vn -0.831470 0.000000 0.555570
vn -0.881921 0.000000 0.471397
vn -0.881921 0.000000 0.471397
vn -0.923880 0.000000 0.382683
vn -0.923880 0.000000 0.382683
vn -0.956940 0.000000 0.290285
vn -0.956940 0.000000 0.290285
vn -0.980785 0.000000 0.195090
vn -0.980785 0.000000 0.195090
vn -0.995185 0.000000 0.098017
vn -0.995185 0.000000 0.098017
vn -1.000000 0.000000 0.000000
vn -1.000000 0.000000 0.000000
vn -0.995185 0.000000 -0.098017
vn -0.995185 0.000000 -0.098017
vn -0.980785 0.000000 -0.195090
vn -0.980785 0.000000 -0.195090
vn -0.956940 0.000000 -0.290285
vn -0.956940 0.000000 -0.290285
vn -0.923880 0.000000 -0.382683
vn -0.923880 0.000000 -0.382683
vn -0.881921 0.000000 -0.471397
vn -0.881921 0.000000 -0.471397
vn -0.831470 0.000000 -0.555570
vn -0.831470 0.000000 -0.555570
vn -0.773010 0.000000 -0.634393
vn -0.773010 0.000000 -0.634393
vn -0.707107 0.000000 -0.707107
vn -0.707107 0.000000 -0.707107
vn -0.634393 0.000000 -0.773010
vn -0.634393 0.000000 -0.773010
vn -0.555570 0.000000 -0.831470
vn -0.555570 0.000000 -0.831470
vn -0.471397 0.000000 -0.881921
vn -0.471397 0.000000 -0.881921
vn -0.382683 0.000000 -0.923880
vn -0.382683 0.000000 -0.923880
vn -0.290285 0.000000 -0.956940
vn -0.290285 0.000000 -0.956940
vn -0.195090 0.000000 -0.980785
vn -0.195090 0.000000 -0.980785
vn -0.098017 0.000000 -0.995185
vn -0.098017 0.000000 -0.995185
vn -0.000000 0.000000 -1.000000
vn -0.000000 0.000000 -1.000000
vn 0.098017 0.000000 -0.995185
vn 0.098017 0.000000 -0.995185
vn 0.195090 0.000000 -0.980785
vn 0.195090 0.000000 -0.980785
vn 0.290285 0.000000 -0.956940
vn 0.290285 0.000000 -0.956940
vn 0.382683 0.000000 -0.923880
vn 0.382683 0.000000 -0.923880
vn 0.471397 0.000000 -0.881921
vn 0.471397 0.000000 -0.881921
vn 0.555570 0.000000 -0.831470
vn 0.555570 0.000000 -0.831470
vn 0.634393 0.000000 -0.773010
vn 0.634393 0.000000 -0.773010
vn 0.707107 0.000000 -0.707107
vn 0.707107 0.000000 -0.707107
vn 0.773010 0.000000 -0.634393
vn 0.773010 0.000000 -0.634393
vn 0.831470 0.000000 -0.555570
vn 0.831470 0.000000 -0.555570
vn 0.881921 0.000000 -0.471397
vn 0.881921 0.000000 -0.471397
vn 0.923880 0.000000 -0.382683
vn 0.923880 0.000000 -0.382683
vn 0.956940 0.000000 -0.290285
vn 0.956940 0.000000 -0.290285
vn 0.980785 0.000000 -0.195090
vn 0.980785 0.000000 -0.195090
vn 0.995185 0.000000 -0.098017
vn 0.995185 0.000000 -0.098017
vn 1.000000 0.000000 -0.000000
vn 1.000000 0.000000 -0.000000
f 391/391/391 393/393/393 392/392/392
f 392/392/392 393/393/393 394/394/394
f 393/393/393 395/395/395 394/394/394
f 394/394/394 395/395/395 396/396/396
f 395/395/395 397/397/397 396/396/396
f 396/396/396 397/397/397 398/398/398
f 397/397/397 399/399/399 398/398/398
f 398/398/398 399/399/399 400/400/400
f 399/399/399 401/401/401 400/400/400
f 400/400/400 401/401/401 402/402/402
f 401/401/401 403/403/403 402/402/402
f 402/402/402 403/403/403 404/404/404
f 403/403/403 405/405/405 404/404/404
f 404/404/404 405/405/405 406/406/406
f 405/405/405 407/407/407 406/406/406
f 406/406/406 407/407/407 408/408/408
f 407/407/407 409/409/409 408/408/408
f 408/408/408 409/409/409 410/410/410
f 409/409/409 411/411/411 410/410/410
f 410/410/410 411/411/411 412/412/412
f 411/411/411 413/413/413 412/412/412
f 412/412/412 413/413/413 414/414/414
f 413/413/413 415/415/415 414/414/414
f 414/414/414 415/415/415 416/416/416
f 415/415/415 417/417/417 416/416/416
f 416/416/416 417/417/417 418/418/418
f 417/417/417 419/419/419 418/418/418
f 418/418/418 419/419/419 420/420/420
f 419/419/419 421/421/421 420/420/420
f 420/420/420 421/421/421 422/422/422
f 421/421/421 423/423/423 422/422/422
f 422/422/422 423/423/423 424/424/424
f 423/423/423 425/425/425 424/424/424
f 424/424/424 425/425/425 426/426/426
f 425/425/425 427/427/427 426/426/426
f 426/426/426 427/427/427 428/428/428
f 427/427/427 429/429/429 428/428/428
f 428/428/428 429/429/429 430/430/430
f 429/429/429 431/431/431 430/430/430
f 430/430/430 431/431/431 432/432/432
f 431/431/431 433/433/433 432/432/432
f 432/432/432 433/433/433 434/434/434
f 433/433/433 435/435/435 434/434/434
f 434/434/434 435/435/435 436/436/436
f 435/435/435 437/437/437 436/436/436
f 436/436/436 437/437/437 438/438/438
f 437/437/437 439/439/439 438/438/438
f 438/438/438 439/439/439 440/440/440
f 439/439/439 441/441/441 440/440/440
f 440/440/440 441/441/441 442/442/442
f 441/441/441 443/443/443 442/442/442
f 442/442/442 443/443/443 444/444/444
f 443/443/443 445/445/445 444/444/444
f 444/444/444 445/445/445 446/446/446
f 445/445/445 447/447/447 446/446/446
f 446/446/446 447/447/447 448/448/448
f 447/447/447 449/449/449 448/448/448
f 448/448/448 449/449/449 450/450/450
f 449/449/449 451/451/451 450/450/450
f 450/450/450 451/451/451 452/452/452
f 451/451/451 453/453/453 452/452/452
f 452/452/452 453/453/453 454/454/454
f 453/453/453 455/455/455 454/454/454
f 454/454/454 455/455/455 456/456/456
f 455/455/455 457/457/457 456/456/456
f 456/456/456 457/457/457 458/458/458
f 457/457/457 459/459/459 458/458/458
f 458/458/458 459/459/459 460/460/460
f 459/459/459 461/461/461 460/460/460
f 460/460/460 461/461/461 462/462/462
f 461/461/461 463/463/463 462/462/462
f 462/462/462 463/463/463 464/464/464
f 463/463/463 465/465/465 464/464/464
f 464/464/464 465/465/465 466/466/466
f 465/465/465 467/467/467 466/466/466
f 466/466/466 467/467/467 468/468/468
f 467/467/467 469/469/469 468/468/468
f 468/468/468 469/469/469 470/470/470
f 469/469/469 471/471/471 470/470/470
f 470/470/470 471/471/471 472/472/472
f 471/471/471 473/473/473 472/472/472
f 472/472/472 473/473/473 474/474/474
f 473/473/473 475/475/475 474/474/474
f 474/474/474 475/475/475 476/476/476
f 475/475/475 477/477/477 476/476/476
f 476/476/476 477/477/477 478/478/478
f 477/477/477 479/479/479 478/478/478
f 478/478/478 479/479/479 480/480/480
f 479/479/479 481/481/481 480/480/480
f 480/480/480 481/481/481 482/482/482
f 481/481/481 483/483/483 482/482/482
f 482/482/482 483/483/483 484/484/484
f 483/483/483 485/485/485 484/484/484
f 484/484/484 485/485/485 486/486/486
f 485/485/485 487/487/487 486/486/486
f 486/486/486 487/487/487 488/488/488
f 487/487/487 489/489/489 488/488/488
f 488/488/488 489/489/489 490/490/490
f 489/489/489 491/491/491 490/490/490
f 490/490/490 491/491/491 492/492/492
f 491/491/491 493/493/493 492/492/492
f 492/492/492 493/493/493 494/494/494
f 493/493/493 495/495/495 494/494/494
f 494/494/494 495/495/495 496/496/496
f 495/495/495 497/497/497 496/496/496
f 496/496/496 497/497/497 498/498/498
f 497/497/497 499/499/499 498/498/498
f 498/498/498 499/499/499 500/500/500
f 499/499/499 501/501/501 500/500/500
f 500/500/500 501/501/501 502/502/502
f 501/501/501 503/503/503 502/502/502
f 502/502/502 503/503/503 504/504/504
f 503/503/503 505/505/505 504/504/504
f 504/504/504 505/505/505 506/506/506
f 505/505/505 507/507/507 506/506/506
f 506/506/506 507/507/507 508/508/508
f 507/507/507 509/509/509 508/508/508
f 508/508/508 509/509/509 510/510/510
f 509/509/509 511/511/511 510/510/510
f 510/510/510 511/511/511 512/512/512
f 511/511/511 513/513/513 512/512/512
f 512/512/512 513/513/513 514/514/514
f 513/513/513 515/515/515 514/514/514
f 514/514/514 515/515/515 516/516/516
f 515/515/515 517/517/517 516/516/516
f 516/516/516 517/517/517 518/518/518
f 517/517/517 519/519/519 518/518/518
f 518/518/518 519/519/519 520/520/520
g SilverCrimpRing
usemtl Metal_SilverCrimp
v 0.620000 1.675000 0.000000
v 0.620000 2.025000 0.000000
v 0.617015 1.675000 0.060771
v 0.617015 2.025000 0.060771
v 0.608087 1.675000 0.120956
v 0.608087 2.025000 0.120956
v 0.593303 1.675000 0.179976
v 0.593303 2.025000 0.179976
v 0.572805 1.675000 0.237264
v 0.572805 2.025000 0.237264
v 0.546791 1.675000 0.292266
v 0.546791 2.025000 0.292266
v 0.515511 1.675000 0.344454
v 0.515511 2.025000 0.344454
v 0.479266 1.675000 0.393324
v 0.479266 2.025000 0.393324
v 0.438406 1.675000 0.438406
v 0.438406 2.025000 0.438406
v 0.393324 1.675000 0.479266
v 0.393324 2.025000 0.479266
v 0.344454 1.675000 0.515511
v 0.344454 2.025000 0.515511
v 0.292266 1.675000 0.546791
v 0.292266 2.025000 0.546791
v 0.237264 1.675000 0.572805
v 0.237264 2.025000 0.572805
v 0.179976 1.675000 0.593303
v 0.179976 2.025000 0.593303
v 0.120956 1.675000 0.608087
v 0.120956 2.025000 0.608087
v 0.060771 1.675000 0.617015
v 0.060771 2.025000 0.617015
v 0.000000 1.675000 0.620000
v 0.000000 2.025000 0.620000
v -0.060771 1.675000 0.617015
v -0.060771 2.025000 0.617015
v -0.120956 1.675000 0.608087
v -0.120956 2.025000 0.608087
v -0.179976 1.675000 0.593303
v -0.179976 2.025000 0.593303
v -0.237264 1.675000 0.572805
v -0.237264 2.025000 0.572805
v -0.292266 1.675000 0.546791
v -0.292266 2.025000 0.546791
v -0.344454 1.675000 0.515511
v -0.344454 2.025000 0.515511
v -0.393324 1.675000 0.479266
v -0.393324 2.025000 0.479266
v -0.438406 1.675000 0.438406
v -0.438406 2.025000 0.438406
v -0.479266 1.675000 0.393324
v -0.479266 2.025000 0.393324
v -0.515511 1.675000 0.344454
v -0.515511 2.025000 0.344454
v -0.546791 1.675000 0.292266
v -0.546791 2.025000 0.292266
v -0.572805 1.675000 0.237264
v -0.572805 2.025000 0.237264
v -0.593303 1.675000 0.179976
v -0.593303 2.025000 0.179976
v -0.608087 1.675000 0.120956
v -0.608087 2.025000 0.120956
v -0.617015 1.675000 0.060771
v -0.617015 2.025000 0.060771
v -0.620000 1.675000 0.000000
v -0.620000 2.025000 0.000000
v -0.617015 1.675000 -0.060771
v -0.617015 2.025000 -0.060771
v -0.608087 1.675000 -0.120956
v -0.608087 2.025000 -0.120956
v -0.593303 1.675000 -0.179976
v -0.593303 2.025000 -0.179976
v -0.572805 1.675000 -0.237264
v -0.572805 2.025000 -0.237264
v -0.546791 1.675000 -0.292266
v -0.546791 2.025000 -0.292266
v -0.515511 1.675000 -0.344454
v -0.515511 2.025000 -0.344454
v -0.479266 1.675000 -0.393324
v -0.479266 2.025000 -0.393324
v -0.438406 1.675000 -0.438406
v -0.438406 2.025000 -0.438406
v -0.393324 1.675000 -0.479266
v -0.393324 2.025000 -0.479266
v -0.344454 1.675000 -0.515511
v -0.344454 2.025000 -0.515511
v -0.292266 1.675000 -0.546791
v -0.292266 2.025000 -0.546791
v -0.237264 1.675000 -0.572805
v -0.237264 2.025000 -0.572805
v -0.179976 1.675000 -0.593303
v -0.179976 2.025000 -0.593303
v -0.120956 1.675000 -0.608087
v -0.120956 2.025000 -0.608087
v -0.060771 1.675000 -0.617015
v -0.060771 2.025000 -0.617015
v -0.000000 1.675000 -0.620000
v -0.000000 2.025000 -0.620000
v 0.060771 1.675000 -0.617015
v 0.060771 2.025000 -0.617015
v 0.120956 1.675000 -0.608087
v 0.120956 2.025000 -0.608087
v 0.179976 1.675000 -0.593303
v 0.179976 2.025000 -0.593303
v 0.237264 1.675000 -0.572805
v 0.237264 2.025000 -0.572805
v 0.292266 1.675000 -0.546791
v 0.292266 2.025000 -0.546791
v 0.344454 1.675000 -0.515511
v 0.344454 2.025000 -0.515511
v 0.393324 1.675000 -0.479266
v 0.393324 2.025000 -0.479266
v 0.438406 1.675000 -0.438406
v 0.438406 2.025000 -0.438406
v 0.479266 1.675000 -0.393324
v 0.479266 2.025000 -0.393324
v 0.515511 1.675000 -0.344454
v 0.515511 2.025000 -0.344454
v 0.546791 1.675000 -0.292266
v 0.546791 2.025000 -0.292266
v 0.572805 1.675000 -0.237264
v 0.572805 2.025000 -0.237264
v 0.593303 1.675000 -0.179976
v 0.593303 2.025000 -0.179976
v 0.608087 1.675000 -0.120956
v 0.608087 2.025000 -0.120956
v 0.617015 1.675000 -0.060771
v 0.617015 2.025000 -0.060771
v 0.620000 1.675000 -0.000000
v 0.620000 2.025000 -0.000000
vt 0.000000 0.000000
vt 0.000000 1.000000
vt 0.015625 0.000000
vt 0.015625 1.000000
vt 0.031250 0.000000
vt 0.031250 1.000000
vt 0.046875 0.000000
vt 0.046875 1.000000
vt 0.062500 0.000000
vt 0.062500 1.000000
vt 0.078125 0.000000
vt 0.078125 1.000000
vt 0.093750 0.000000
vt 0.093750 1.000000
vt 0.109375 0.000000
vt 0.109375 1.000000
vt 0.125000 0.000000
vt 0.125000 1.000000
vt 0.140625 0.000000
vt 0.140625 1.000000
vt 0.156250 0.000000
vt 0.156250 1.000000
vt 0.171875 0.000000
vt 0.171875 1.000000
vt 0.187500 0.000000
vt 0.187500 1.000000
vt 0.203125 0.000000
vt 0.203125 1.000000
vt 0.218750 0.000000
vt 0.218750 1.000000
vt 0.234375 0.000000
vt 0.234375 1.000000
vt 0.250000 0.000000
vt 0.250000 1.000000
vt 0.265625 0.000000
vt 0.265625 1.000000
vt 0.281250 0.000000
vt 0.281250 1.000000
vt 0.296875 0.000000
vt 0.296875 1.000000
vt 0.312500 0.000000
vt 0.312500 1.000000
vt 0.328125 0.000000
vt 0.328125 1.000000
vt 0.343750 0.000000
vt 0.343750 1.000000
vt 0.359375 0.000000
vt 0.359375 1.000000
vt 0.375000 0.000000
vt 0.375000 1.000000
vt 0.390625 0.000000
vt 0.390625 1.000000
vt 0.406250 0.000000
vt 0.406250 1.000000
vt 0.421875 0.000000
vt 0.421875 1.000000
vt 0.437500 0.000000
vt 0.437500 1.000000
vt 0.453125 0.000000
vt 0.453125 1.000000
vt 0.468750 0.000000
vt 0.468750 1.000000
vt 0.484375 0.000000
vt 0.484375 1.000000
vt 0.500000 0.000000
vt 0.500000 1.000000
vt 0.515625 0.000000
vt 0.515625 1.000000
vt 0.531250 0.000000
vt 0.531250 1.000000
vt 0.546875 0.000000
vt 0.546875 1.000000
vt 0.562500 0.000000
vt 0.562500 1.000000
vt 0.578125 0.000000
vt 0.578125 1.000000
vt 0.593750 0.000000
vt 0.593750 1.000000
vt 0.609375 0.000000
vt 0.609375 1.000000
vt 0.625000 0.000000
vt 0.625000 1.000000
vt 0.640625 0.000000
vt 0.640625 1.000000
vt 0.656250 0.000000
vt 0.656250 1.000000
vt 0.671875 0.000000
vt 0.671875 1.000000
vt 0.687500 0.000000
vt 0.687500 1.000000
vt 0.703125 0.000000
vt 0.703125 1.000000
vt 0.718750 0.000000
vt 0.718750 1.000000
vt 0.734375 0.000000
vt 0.734375 1.000000
vt 0.750000 0.000000
vt 0.750000 1.000000
vt 0.765625 0.000000
vt 0.765625 1.000000
vt 0.781250 0.000000
vt 0.781250 1.000000
vt 0.796875 0.000000
vt 0.796875 1.000000
vt 0.812500 0.000000
vt 0.812500 1.000000
vt 0.828125 0.000000
vt 0.828125 1.000000
vt 0.843750 0.000000
vt 0.843750 1.000000
vt 0.859375 0.000000
vt 0.859375 1.000000
vt 0.875000 0.000000
vt 0.875000 1.000000
vt 0.890625 0.000000
vt 0.890625 1.000000
vt 0.906250 0.000000
vt 0.906250 1.000000
vt 0.921875 0.000000
vt 0.921875 1.000000
vt 0.937500 0.000000
vt 0.937500 1.000000
vt 0.953125 0.000000
vt 0.953125 1.000000
vt 0.968750 0.000000
vt 0.968750 1.000000
vt 0.984375 0.000000
vt 0.984375 1.000000
vt 1.000000 0.000000
vt 1.000000 1.000000
vn 1.000000 0.000000 0.000000
vn 1.000000 0.000000 0.000000
vn 0.995185 0.000000 0.098017
vn 0.995185 0.000000 0.098017
vn 0.980785 0.000000 0.195090
vn 0.980785 0.000000 0.195090
vn 0.956940 0.000000 0.290285
vn 0.956940 0.000000 0.290285
vn 0.923880 0.000000 0.382683
vn 0.923880 0.000000 0.382683
vn 0.881921 0.000000 0.471397
vn 0.881921 0.000000 0.471397
vn 0.831470 0.000000 0.555570
vn 0.831470 0.000000 0.555570
vn 0.773010 0.000000 0.634393
vn 0.773010 0.000000 0.634393
vn 0.707107 0.000000 0.707107
vn 0.707107 0.000000 0.707107
vn 0.634393 0.000000 0.773010
vn 0.634393 0.000000 0.773010
vn 0.555570 0.000000 0.831470
vn 0.555570 0.000000 0.831470
vn 0.471397 0.000000 0.881921
vn 0.471397 0.000000 0.881921
vn 0.382683 0.000000 0.923880
vn 0.382683 0.000000 0.923880
vn 0.290285 0.000000 0.956940
vn 0.290285 0.000000 0.956940
vn 0.195090 0.000000 0.980785
vn 0.195090 0.000000 0.980785
vn 0.098017 0.000000 0.995185
vn 0.098017 0.000000 0.995185
vn 0.000000 0.000000 1.000000
vn 0.000000 0.000000 1.000000
vn -0.098017 0.000000 0.995185
vn -0.098017 0.000000 0.995185
vn -0.195090 0.000000 0.980785
vn -0.195090 0.000000 0.980785
vn -0.290285 0.000000 0.956940
vn -0.290285 0.000000 0.956940
vn -0.382683 0.000000 0.923880
vn -0.382683 0.000000 0.923880
vn -0.471397 0.000000 0.881921
vn -0.471397 0.000000 0.881921
vn -0.555570 0.000000 0.831470
vn -0.555570 0.000000 0.831470
vn -0.634393 0.000000 0.773010
vn -0.634393 0.000000 0.773010
vn -0.707107 0.000000 0.707107
vn -0.707107 0.000000 0.707107
vn -0.773010 0.000000 0.634393
vn -0.773010 0.000000 0.634393
vn -0.831470 0.000000 0.555570
vn -0.831470 0.000000 0.555570
vn -0.881921 0.000000 0.471397
vn -0.881921 0.000000 0.471397
vn -0.923880 0.000000 0.382683
vn -0.923880 0.000000 0.382683
vn -0.956940 0.000000 0.290285
vn -0.956940 0.000000 0.290285
vn -0.980785 0.000000 0.195090
vn -0.980785 0.000000 0.195090
vn -0.995185 0.000000 0.098017
vn -0.995185 0.000000 0.098017
vn -1.000000 0.000000 0.000000
vn -1.000000 0.000000 0.000000
vn -0.995185 0.000000 -0.098017
vn -0.995185 0.000000 -0.098017
vn -0.980785 0.000000 -0.195090
vn -0.980785 0.000000 -0.195090
vn -0.956940 0.000000 -0.290285
vn -0.956940 0.000000 -0.290285
vn -0.923880 0.000000 -0.382683
vn -0.923880 0.000000 -0.382683
vn -0.881921 0.000000 -0.471397
vn -0.881921 0.000000 -0.471397
vn -0.831470 0.000000 -0.555570
vn -0.831470 0.000000 -0.555570
vn -0.773010 0.000000 -0.634393
vn -0.773010 0.000000 -0.634393
vn -0.707107 0.000000 -0.707107
vn -0.707107 0.000000 -0.707107
vn -0.634393 0.000000 -0.773010
vn -0.634393 0.000000 -0.773010
vn -0.555570 0.000000 -0.831470
vn -0.555570 0.000000 -0.831470
vn -0.471397 0.000000 -0.881921
vn -0.471397 0.000000 -0.881921
vn -0.382683 0.000000 -0.923880
vn -0.382683 0.000000 -0.923880
vn -0.290285 0.000000 -0.956940
vn -0.290285 0.000000 -0.956940
vn -0.195090 0.000000 -0.980785
vn -0.195090 0.000000 -0.980785
vn -0.098017 0.000000 -0.995185
vn -0.098017 0.000000 -0.995185
vn -0.000000 0.000000 -1.000000
vn -0.000000 0.000000 -1.000000
vn 0.098017 0.000000 -0.995185
vn 0.098017 0.000000 -0.995185
vn 0.195090 0.000000 -0.980785
vn 0.195090 0.000000 -0.980785
vn 0.290285 0.000000 -0.956940
vn 0.290285 0.000000 -0.956940
vn 0.382683 0.000000 -0.923880
vn 0.382683 0.000000 -0.923880
vn 0.471397 0.000000 -0.881921
vn 0.471397 0.000000 -0.881921
vn 0.555570 0.000000 -0.831470
vn 0.555570 0.000000 -0.831470
vn 0.634393 0.000000 -0.773010
vn 0.634393 0.000000 -0.773010
vn 0.707107 0.000000 -0.707107
vn 0.707107 0.000000 -0.707107
vn 0.773010 0.000000 -0.634393
vn 0.773010 0.000000 -0.634393
vn 0.831470 0.000000 -0.555570
vn 0.831470 0.000000 -0.555570
vn 0.881921 0.000000 -0.471397
vn 0.881921 0.000000 -0.471397
vn 0.923880 0.000000 -0.382683
vn 0.923880 0.000000 -0.382683
vn 0.956940 0.000000 -0.290285
vn 0.956940 0.000000 -0.290285
vn 0.980785 0.000000 -0.195090
vn 0.980785 0.000000 -0.195090
vn 0.995185 0.000000 -0.098017
vn 0.995185 0.000000 -0.098017
vn 1.000000 0.000000 -0.000000
vn 1.000000 0.000000 -0.000000
f 521/521/521 523/523/523 522/522/522
f 522/522/522 523/523/523 524/524/524
f 523/523/523 525/525/525 524/524/524
f 524/524/524 525/525/525 526/526/526
f 525/525/525 527/527/527 526/526/526
f 526/526/526 527/527/527 528/528/528
f 527/527/527 529/529/529 528/528/528
f 528/528/528 529/529/529 530/530/530
f 529/529/529 531/531/531 530/530/530
f 530/530/530 531/531/531 532/532/532
f 531/531/531 533/533/533 532/532/532
f 532/532/532 533/533/533 534/534/534
f 533/533/533 535/535/535 534/534/534
f 534/534/534 535/535/535 536/536/536
f 535/535/535 537/537/537 536/536/536
f 536/536/536 537/537/537 538/538/538
f 537/537/537 539/539/539 538/538/538
f 538/538/538 539/539/539 540/540/540
f 539/539/539 541/541/541 540/540/540
f 540/540/540 541/541/541 542/542/542
f 541/541/541 543/543/543 542/542/542
f 542/542/542 543/543/543 544/544/544
f 543/543/543 545/545/545 544/544/544
f 544/544/544 545/545/545 546/546/546
f 545/545/545 547/547/547 546/546/546
f 546/546/546 547/547/547 548/548/548
f 547/547/547 549/549/549 548/548/548
f 548/548/548 549/549/549 550/550/550
f 549/549/549 551/551/551 550/550/550
f 550/550/550 551/551/551 552/552/552
f 551/551/551 553/553/553 552/552/552
f 552/552/552 553/553/553 554/554/554
f 553/553/553 555/555/555 554/554/554
f 554/554/554 555/555/555 556/556/556
f 555/555/555 557/557/557 556/556/556
f 556/556/556 557/557/557 558/558/558
f 557/557/557 559/559/559 558/558/558
f 558/558/558 559/559/559 560/560/560
f 559/559/559 561/561/561 560/560/560
f 560/560/560 561/561/561 562/562/562
f 561/561/561 563/563/563 562/562/562
f 562/562/562 563/563/563 564/564/564
f 563/563/563 565/565/565 564/564/564
f 564/564/564 565/565/565 566/566/566
f 565/565/565 567/567/567 566/566/566
f 566/566/566 567/567/567 568/568/568
f 567/567/567 569/569/569 568/568/568
f 568/568/568 569/569/569 570/570/570
f 569/569/569 571/571/571 570/570/570
f 570/570/570 571/571/571 572/572/572
f 571/571/571 573/573/573 572/572/572
f 572/572/572 573/573/573 574/574/574
f 573/573/573 575/575/575 574/574/574
f 574/574/574 575/575/575 576/576/576
f 575/575/575 577/577/577 576/576/576
f 576/576/576 577/577/577 578/578/578
f 577/577/577 579/579/579 578/578/578
f 578/578/578 579/579/579 580/580/580
f 579/579/579 581/581/581 580/580/580
f 580/580/580 581/581/581 582/582/582
f 581/581/581 583/583/583 582/582/582
f 582/582/582 583/583/583 584/584/584
f 583/583/583 585/585/585 584/584/584
f 584/584/584 585/585/585 586/586/586
f 585/585/585 587/587/587 586/586/586
f 586/586/586 587/587/587 588/588/588
f 587/587/587 589/589/589 588/588/588
f 588/588/588 589/589/589 590/590/590
f 589/589/589 591/591/591 590/590/590
f 590/590/590 591/591/591 592/592/592
f 591/591/591 593/593/593 592/592/592
f 592/592/592 593/593/593 594/594/594
f 593/593/593 595/595/595 594/594/594
f 594/594/594 595/595/595 596/596/596
f 595/595/595 597/597/597 596/596/596
f 596/596/596 597/597/597 598/598/598
f 597/597/597 599/599/599 598/598/598
f 598/598/598 599/599/599 600/600/600
f 599/599/599 601/601/601 600/600/600
f 600/600/600 601/601/601 602/602/602
f 601/601/601 603/603/603 602/602/602
f 602/602/602 603/603/603 604/604/604
f 603/603/603 605/605/605 604/604/604
f 604/604/604 605/605/605 606/606/606
f 605/605/605 607/607/607 606/606/606
f 606/606/606 607/607/607 608/608/608
f 607/607/607 609/609/609 608/608/608
f 608/608/608 609/609/609 610/610/610
f 609/609/609 611/611/611 610/610/610
f 610/610/610 611/611/611 612/612/612
f 611/611/611 613/613/613 612/612/612
f 612/612/612 613/613/613 614/614/614
f 613/613/613 615/615/615 614/614/614
f 614/614/614 615/615/615 616/616/616
f 615/615/615 617/617/617 616/616/616
f 616/616/616 617/617/617 618/618/618
f 617/617/617 619/619/619 618/618/618
f 618/618/618 619/619/619 620/620/620
f 619/619/619 621/621/621 620/620/620
f 620/620/620 621/621/621 622/622/622
f 621/621/621 623/623/623 622/622/622
f 622/622/622 623/623/623 624/624/624
f 623/623/623 625/625/625 624/624/624
f 624/624/624 625/625/625 626/626/626
f 625/625/625 627/627/627 626/626/626
f 626/626/626 627/627/627 628/628/628
f 627/627/627 629/629/629 628/628/628
f 628/628/628 629/629/629 630/630/630
f 629/629/629 631/631/631 630/630/630
f 630/630/630 631/631/631 632/632/632
f 631/631/631 633/633/633 632/632/632
f 632/632/632 633/633/633 634/634/634
f 633/633/633 635/635/635 634/634/634
f 634/634/634 635/635/635 636/636/636
f 635/635/635 637/637/637 636/636/636
f 636/636/636 637/637/637 638/638/638
f 637/637/637 639/639/639 638/638/638
f 638/638/638 639/639/639 640/640/640
f 639/639/639 641/641/641 640/640/640
f 640/640/640 641/641/641 642/642/642
f 641/641/641 643/643/643 642/642/642
f 642/642/642 643/643/643 644/644/644
f 643/643/643 645/645/645 644/644/644
f 644/644/644 645/645/645 646/646/646
f 645/645/645 647/647/647 646/646/646
f 646/646/646 647/647/647 648/648/648
f 647/647/647 649/649/649 648/648/648
f 648/648/648 649/649/649 650/650/650
g GreenFlipCap
usemtl Cap_DarkGreen
v 0.660000 2.000000 0.000000
v 0.660000 2.200000 0.000000
v 0.656822 2.000000 0.064691
v 0.656822 2.200000 0.064691
v 0.647318 2.000000 0.128760
v 0.647318 2.200000 0.128760
v 0.631581 2.000000 0.191588
v 0.631581 2.200000 0.191588
v 0.609760 2.000000 0.252571
v 0.609760 2.200000 0.252571
v 0.582068 2.000000 0.311122
v 0.582068 2.200000 0.311122
v 0.548770 2.000000 0.366676
v 0.548770 2.200000 0.366676
v 0.510187 2.000000 0.418700
v 0.510187 2.200000 0.418700
v 0.466690 2.000000 0.466690
v 0.466690 2.200000 0.466690
v 0.418700 2.000000 0.510187
v 0.418700 2.200000 0.510187
v 0.366676 2.000000 0.548770
v 0.366676 2.200000 0.548770
v 0.311122 2.000000 0.582068
v 0.311122 2.200000 0.582068
v 0.252571 2.000000 0.609760
v 0.252571 2.200000 0.609760
v 0.191588 2.000000 0.631581
v 0.191588 2.200000 0.631581
v 0.128760 2.000000 0.647318
v 0.128760 2.200000 0.647318
v 0.064691 2.000000 0.656822
v 0.064691 2.200000 0.656822
v 0.000000 2.000000 0.660000
v 0.000000 2.200000 0.660000
v -0.064691 2.000000 0.656822
v -0.064691 2.200000 0.656822
v -0.128760 2.000000 0.647318
v -0.128760 2.200000 0.647318
v -0.191588 2.000000 0.631581
v -0.191588 2.200000 0.631581
v -0.252571 2.000000 0.609760
v -0.252571 2.200000 0.609760
v -0.311122 2.000000 0.582068
v -0.311122 2.200000 0.582068
v -0.366676 2.000000 0.548770
v -0.366676 2.200000 0.548770
v -0.418700 2.000000 0.510187
v -0.418700 2.200000 0.510187
v -0.466690 2.000000 0.466690
v -0.466690 2.200000 0.466690
v -0.510187 2.000000 0.418700
v -0.510187 2.200000 0.418700
v -0.548770 2.000000 0.366676
v -0.548770 2.200000 0.366676
v -0.582068 2.000000 0.311122
v -0.582068 2.200000 0.311122
v -0.609760 2.000000 0.252571
v -0.609760 2.200000 0.252571
v -0.631581 2.000000 0.191588
v -0.631581 2.200000 0.191588
v -0.647318 2.000000 0.128760
v -0.647318 2.200000 0.128760
v -0.656822 2.000000 0.064691
v -0.656822 2.200000 0.064691
v -0.660000 2.000000 0.000000
v -0.660000 2.200000 0.000000
v -0.656822 2.000000 -0.064691
v -0.656822 2.200000 -0.064691
v -0.647318 2.000000 -0.128760
v -0.647318 2.200000 -0.128760
v -0.631581 2.000000 -0.191588
v -0.631581 2.200000 -0.191588
v -0.609760 2.000000 -0.252571
v -0.609760 2.200000 -0.252571
v -0.582068 2.000000 -0.311122
v -0.582068 2.200000 -0.311122
v -0.548770 2.000000 -0.366676
v -0.548770 2.200000 -0.366676
v -0.510187 2.000000 -0.418700
v -0.510187 2.200000 -0.418700
v -0.466690 2.000000 -0.466690
v -0.466690 2.200000 -0.466690
v -0.418700 2.000000 -0.510187
v -0.418700 2.200000 -0.510187
v -0.366676 2.000000 -0.548770
v -0.366676 2.200000 -0.548770
v -0.311122 2.000000 -0.582068
v -0.311122 2.200000 -0.582068
v -0.252571 2.000000 -0.609760
v -0.252571 2.200000 -0.609760
v -0.191588 2.000000 -0.631581
v -0.191588 2.200000 -0.631581
v -0.128760 2.000000 -0.647318
v -0.128760 2.200000 -0.647318
v -0.064691 2.000000 -0.656822
v -0.064691 2.200000 -0.656822
v -0.000000 2.000000 -0.660000
v -0.000000 2.200000 -0.660000
v 0.064691 2.000000 -0.656822
v 0.064691 2.200000 -0.656822
v 0.128760 2.000000 -0.647318
v 0.128760 2.200000 -0.647318
v 0.191588 2.000000 -0.631581
v 0.191588 2.200000 -0.631581
v 0.252571 2.000000 -0.609760
v 0.252571 2.200000 -0.609760
v 0.311122 2.000000 -0.582068
v 0.311122 2.200000 -0.582068
v 0.366676 2.000000 -0.548770
v 0.366676 2.200000 -0.548770
v 0.418700 2.000000 -0.510187
v 0.418700 2.200000 -0.510187
v 0.466690 2.000000 -0.466690
v 0.466690 2.200000 -0.466690
v 0.510187 2.000000 -0.418700
v 0.510187 2.200000 -0.418700
v 0.548770 2.000000 -0.366676
v 0.548770 2.200000 -0.366676
v 0.582068 2.000000 -0.311122
v 0.582068 2.200000 -0.311122
v 0.609760 2.000000 -0.252571
v 0.609760 2.200000 -0.252571
v 0.631581 2.000000 -0.191588
v 0.631581 2.200000 -0.191588
v 0.647318 2.000000 -0.128760
v 0.647318 2.200000 -0.128760
v 0.656822 2.000000 -0.064691
v 0.656822 2.200000 -0.064691
v 0.660000 2.000000 -0.000000
v 0.660000 2.200000 -0.000000
vt 0.000000 0.000000
vt 0.000000 1.000000
vt 0.015625 0.000000
vt 0.015625 1.000000
vt 0.031250 0.000000
vt 0.031250 1.000000
vt 0.046875 0.000000
vt 0.046875 1.000000
vt 0.062500 0.000000
vt 0.062500 1.000000
vt 0.078125 0.000000
vt 0.078125 1.000000
vt 0.093750 0.000000
vt 0.093750 1.000000
vt 0.109375 0.000000
vt 0.109375 1.000000
vt 0.125000 0.000000
vt 0.125000 1.000000
vt 0.140625 0.000000
vt 0.140625 1.000000
vt 0.156250 0.000000
vt 0.156250 1.000000
vt 0.171875 0.000000
vt 0.171875 1.000000
vt 0.187500 0.000000
vt 0.187500 1.000000
vt 0.203125 0.000000
vt 0.203125 1.000000
vt 0.218750 0.000000
vt 0.218750 1.000000
vt 0.234375 0.000000
vt 0.234375 1.000000
vt 0.250000 0.000000
vt 0.250000 1.000000
vt 0.265625 0.000000
vt 0.265625 1.000000
vt 0.281250 0.000000
vt 0.281250 1.000000
vt 0.296875 0.000000
vt 0.296875 1.000000
vt 0.312500 0.000000
vt 0.312500 1.000000
vt 0.328125 0.000000
vt 0.328125 1.000000
vt 0.343750 0.000000
vt 0.343750 1.000000
vt 0.359375 0.000000
vt 0.359375 1.000000
vt 0.375000 0.000000
vt 0.375000 1.000000
vt 0.390625 0.000000
vt 0.390625 1.000000
vt 0.406250 0.000000
vt 0.406250 1.000000
vt 0.421875 0.000000
vt 0.421875 1.000000
vt 0.437500 0.000000
vt 0.437500 1.000000
vt 0.453125 0.000000
vt 0.453125 1.000000
vt 0.468750 0.000000
vt 0.468750 1.000000
vt 0.484375 0.000000
vt 0.484375 1.000000
vt 0.500000 0.000000
vt 0.500000 1.000000
vt 0.515625 0.000000
vt 0.515625 1.000000
vt 0.531250 0.000000
vt 0.531250 1.000000
vt 0.546875 0.000000
vt 0.546875 1.000000
vt 0.562500 0.000000
vt 0.562500 1.000000
vt 0.578125 0.000000
vt 0.578125 1.000000
vt 0.593750 0.000000
vt 0.593750 1.000000
vt 0.609375 0.000000
vt 0.609375 1.000000
vt 0.625000 0.000000
vt 0.625000 1.000000
vt 0.640625 0.000000
vt 0.640625 1.000000
vt 0.656250 0.000000
vt 0.656250 1.000000
vt 0.671875 0.000000
vt 0.671875 1.000000
vt 0.687500 0.000000
vt 0.687500 1.000000
vt 0.703125 0.000000
vt 0.703125 1.000000
vt 0.718750 0.000000
vt 0.718750 1.000000
vt 0.734375 0.000000
vt 0.734375 1.000000
vt 0.750000 0.000000
vt 0.750000 1.000000
vt 0.765625 0.000000
vt 0.765625 1.000000
vt 0.781250 0.000000
vt 0.781250 1.000000
vt 0.796875 0.000000
vt 0.796875 1.000000
vt 0.812500 0.000000
vt 0.812500 1.000000
vt 0.828125 0.000000
vt 0.828125 1.000000
vt 0.843750 0.000000
vt 0.843750 1.000000
vt 0.859375 0.000000
vt 0.859375 1.000000
vt 0.875000 0.000000
vt 0.875000 1.000000
vt 0.890625 0.000000
vt 0.890625 1.000000
vt 0.906250 0.000000
vt 0.906250 1.000000
vt 0.921875 0.000000
vt 0.921875 1.000000
vt 0.937500 0.000000
vt 0.937500 1.000000
vt 0.953125 0.000000
vt 0.953125 1.000000
vt 0.968750 0.000000
vt 0.968750 1.000000
vt 0.984375 0.000000
vt 0.984375 1.000000
vt 1.000000 0.000000
vt 1.000000 1.000000
vn 1.000000 0.000000 0.000000
vn 1.000000 0.000000 0.000000
vn 0.995185 0.000000 0.098017
vn 0.995185 0.000000 0.098017
vn 0.980785 0.000000 0.195090
vn 0.980785 0.000000 0.195090
vn 0.956940 0.000000 0.290285
vn 0.956940 0.000000 0.290285
vn 0.923880 0.000000 0.382683
vn 0.923880 0.000000 0.382683
vn 0.881921 0.000000 0.471397
vn 0.881921 0.000000 0.471397
vn 0.831470 0.000000 0.555570
vn 0.831470 0.000000 0.555570
vn 0.773010 0.000000 0.634393
vn 0.773010 0.000000 0.634393
vn 0.707107 0.000000 0.707107
vn 0.707107 0.000000 0.707107
vn 0.634393 0.000000 0.773010
vn 0.634393 0.000000 0.773010
vn 0.555570 0.000000 0.831470
vn 0.555570 0.000000 0.831470
vn 0.471397 0.000000 0.881921
vn 0.471397 0.000000 0.881921
vn 0.382683 0.000000 0.923880
vn 0.382683 0.000000 0.923880
vn 0.290285 0.000000 0.956940
vn 0.290285 0.000000 0.956940
vn 0.195090 0.000000 0.980785
vn 0.195090 0.000000 0.980785
vn 0.098017 0.000000 0.995185
vn 0.098017 0.000000 0.995185
vn 0.000000 0.000000 1.000000
vn 0.000000 0.000000 1.000000
vn -0.098017 0.000000 0.995185
vn -0.098017 0.000000 0.995185
vn -0.195090 0.000000 0.980785
vn -0.195090 0.000000 0.980785
vn -0.290285 0.000000 0.956940
vn -0.290285 0.000000 0.956940
vn -0.382683 0.000000 0.923880
vn -0.382683 0.000000 0.923880
vn -0.471397 0.000000 0.881921
vn -0.471397 0.000000 0.881921
vn -0.555570 0.000000 0.831470
vn -0.555570 0.000000 0.831470
vn -0.634393 0.000000 0.773010
vn -0.634393 0.000000 0.773010
vn -0.707107 0.000000 0.707107
vn -0.707107 0.000000 0.707107
vn -0.773010 0.000000 0.634393
vn -0.773010 0.000000 0.634393
vn -0.831470 0.000000 0.555570
vn -0.831470 0.000000 0.555570
vn -0.881921 0.000000 0.471397
vn -0.881921 0.000000 0.471397
vn -0.923880 0.000000 0.382683
vn -0.923880 0.000000 0.382683
vn -0.956940 0.000000 0.290285
vn -0.956940 0.000000 0.290285
vn -0.980785 0.000000 0.195090
vn -0.980785 0.000000 0.195090
vn -0.995185 0.000000 0.098017
vn -0.995185 0.000000 0.098017
vn -1.000000 0.000000 0.000000
vn -1.000000 0.000000 0.000000
vn -0.995185 0.000000 -0.098017
vn -0.995185 0.000000 -0.098017
vn -0.980785 0.000000 -0.195090
vn -0.980785 0.000000 -0.195090
vn -0.956940 0.000000 -0.290285
vn -0.956940 0.000000 -0.290285
vn -0.923880 0.000000 -0.382683
vn -0.923880 0.000000 -0.382683
vn -0.881921 0.000000 -0.471397
vn -0.881921 0.000000 -0.471397
vn -0.831470 0.000000 -0.555570
vn -0.831470 0.000000 -0.555570
vn -0.773010 0.000000 -0.634393
vn -0.773010 0.000000 -0.634393
vn -0.707107 0.000000 -0.707107
vn -0.707107 0.000000 -0.707107
vn -0.634393 0.000000 -0.773010
vn -0.634393 0.000000 -0.773010
vn -0.555570 0.000000 -0.831470
vn -0.555570 0.000000 -0.831470
vn -0.471397 0.000000 -0.881921
vn -0.471397 0.000000 -0.881921
vn -0.382683 0.000000 -0.923880
vn -0.382683 0.000000 -0.923880
vn -0.290285 0.000000 -0.956940
vn -0.290285 0.000000 -0.956940
vn -0.195090 0.000000 -0.980785
vn -0.195090 0.000000 -0.980785
vn -0.098017 0.000000 -0.995185
vn -0.098017 0.000000 -0.995185
vn -0.000000 0.000000 -1.000000
vn -0.000000 0.000000 -1.000000
vn 0.098017 0.000000 -0.995185
vn 0.098017 0.000000 -0.995185
vn 0.195090 0.000000 -0.980785
vn 0.195090 0.000000 -0.980785
vn 0.290285 0.000000 -0.956940
vn 0.290285 0.000000 -0.956940
vn 0.382683 0.000000 -0.923880
vn 0.382683 0.000000 -0.923880
vn 0.471397 0.000000 -0.881921
vn 0.471397 0.000000 -0.881921
vn 0.555570 0.000000 -0.831470
vn 0.555570 0.000000 -0.831470
vn 0.634393 0.000000 -0.773010
vn 0.634393 0.000000 -0.773010
vn 0.707107 0.000000 -0.707107
vn 0.707107 0.000000 -0.707107
vn 0.773010 0.000000 -0.634393
vn 0.773010 0.000000 -0.634393
vn 0.831470 0.000000 -0.555570
vn 0.831470 0.000000 -0.555570
vn 0.881921 0.000000 -0.471397
vn 0.881921 0.000000 -0.471397
vn 0.923880 0.000000 -0.382683
vn 0.923880 0.000000 -0.382683
vn 0.956940 0.000000 -0.290285
vn 0.956940 0.000000 -0.290285
vn 0.980785 0.000000 -0.195090
vn 0.980785 0.000000 -0.195090
vn 0.995185 0.000000 -0.098017
vn 0.995185 0.000000 -0.098017
vn 1.000000 0.000000 -0.000000
vn 1.000000 0.000000 -0.000000
f 651/651/651 653/653/653 652/652/652
f 652/652/652 653/653/653 654/654/654
f 653/653/653 655/655/655 654/654/654
f 654/654/654 655/655/655 656/656/656
f 655/655/655 657/657/657 656/656/656
f 656/656/656 657/657/657 658/658/658
f 657/657/657 659/659/659 658/658/658
f 658/658/658 659/659/659 660/660/660
f 659/659/659 661/661/661 660/660/660
f 660/660/660 661/661/661 662/662/662
f 661/661/661 663/663/663 662/662/662
f 662/662/662 663/663/663 664/664/664
f 663/663/663 665/665/665 664/664/664
f 664/664/664 665/665/665 666/666/666
f 665/665/665 667/667/667 666/666/666
f 666/666/666 667/667/667 668/668/668
f 667/667/667 669/669/669 668/668/668
f 668/668/668 669/669/669 670/670/670
f 669/669/669 671/671/671 670/670/670
f 670/670/670 671/671/671 672/672/672
f 671/671/671 673/673/673 672/672/672
f 672/672/672 673/673/673 674/674/674
f 673/673/673 675/675/675 674/674/674
f 674/674/674 675/675/675 676/676/676
f 675/675/675 677/677/677 676/676/676
f 676/676/676 677/677/677 678/678/678
f 677/677/677 679/679/679 678/678/678
f 678/678/678 679/679/679 680/680/680
f 679/679/679 681/681/681 680/680/680
f 680/680/680 681/681/681 682/682/682
f 681/681/681 683/683/683 682/682/682
f 682/682/682 683/683/683 684/684/684
f 683/683/683 685/685/685 684/684/684
f 684/684/684 685/685/685 686/686/686
f 685/685/685 687/687/687 686/686/686
f 686/686/686 687/687/687 688/688/688
f 687/687/687 689/689/689 688/688/688
f 688/688/688 689/689/689 690/690/690
f 689/689/689 691/691/691 690/690/690
f 690/690/690 691/691/691 692/692/692
f 691/691/691 693/693/693 692/692/692
f 692/692/692 693/693/693 694/694/694
f 693/693/693 695/695/695 694/694/694
f 694/694/694 695/695/695 696/696/696
f 695/695/695 697/697/697 696/696/696
f 696/696/696 697/697/697 698/698/698
f 697/697/697 699/699/699 698/698/698
f 698/698/698 699/699/699 700/700/700
f 699/699/699 701/701/701 700/700/700
f 700/700/700 701/701/701 702/702/702
f 701/701/701 703/703/703 702/702/702
f 702/702/702 703/703/703 704/704/704
f 703/703/703 705/705/705 704/704/704
f 704/704/704 705/705/705 706/706/706
f 705/705/705 707/707/707 706/706/706
f 706/706/706 707/707/707 708/708/708
f 707/707/707 709/709/709 708/708/708
f 708/708/708 709/709/709 710/710/710
f 709/709/709 711/711/711 710/710/710
f 710/710/710 711/711/711 712/712/712
f 711/711/711 713/713/713 712/712/712
f 712/712/712 713/713/713 714/714/714
f 713/713/713 715/715/715 714/714/714
f 714/714/714 715/715/715 716/716/716
f 715/715/715 717/717/717 716/716/716
f 716/716/716 717/717/717 718/718/718
f 717/717/717 719/719/719 718/718/718
f 718/718/718 719/719/719 720/720/720
f 719/719/719 721/721/721 720/720/720
f 720/720/720 721/721/721 722/722/722
f 721/721/721 723/723/723 722/722/722
f 722/722/722 723/723/723 724/724/724
f 723/723/723 725/725/725 724/724/724
f 724/724/724 725/725/725 726/726/726
f 725/725/725 727/727/727 726/726/726
f 726/726/726 727/727/727 728/728/728
f 727/727/727 729/729/729 728/728/728
f 728/728/728 729/729/729 730/730/730
f 729/729/729 731/731/731 730/730/730
f 730/730/730 731/731/731 732/732/732
f 731/731/731 733/733/733 732/732/732
f 732/732/732 733/733/733 734/734/734
f 733/733/733 735/735/735 734/734/734
f 734/734/734 735/735/735 736/736/736
f 735/735/735 737/737/737 736/736/736
f 736/736/736 737/737/737 738/738/738
f 737/737/737 739/739/739 738/738/738
f 738/738/738 739/739/739 740/740/740
f 739/739/739 741/741/741 740/740/740
f 740/740/740 741/741/741 742/742/742
f 741/741/741 743/743/743 742/742/742
f 742/742/742 743/743/743 744/744/744
f 743/743/743 745/745/745 744/744/744
f 744/744/744 745/745/745 746/746/746
f 745/745/745 747/747/747 746/746/746
f 746/746/746 747/747/747 748/748/748
f 747/747/747 749/749/749 748/748/748
f 748/748/748 749/749/749 750/750/750
f 749/749/749 751/751/751 750/750/750
f 750/750/750 751/751/751 752/752/752
f 751/751/751 753/753/753 752/752/752
f 752/752/752 753/753/753 754/754/754
f 753/753/753 755/755/755 754/754/754
f 754/754/754 755/755/755 756/756/756
f 755/755/755 757/757/757 756/756/756
f 756/756/756 757/757/757 758/758/758
f 757/757/757 759/759/759 758/758/758
f 758/758/758 759/759/759 760/760/760
f 759/759/759 761/761/761 760/760/760
f 760/760/760 761/761/761 762/762/762
f 761/761/761 763/763/763 762/762/762
f 762/762/762 763/763/763 764/764/764
f 763/763/763 765/765/765 764/764/764
f 764/764/764 765/765/765 766/766/766
f 765/765/765 767/767/767 766/766/766
f 766/766/766 767/767/767 768/768/768
f 767/767/767 769/769/769 768/768/768
f 768/768/768 769/769/769 770/770/770
f 769/769/769 771/771/771 770/770/770
f 770/770/770 771/771/771 772/772/772
f 771/771/771 773/773/773 772/772/772
f 772/772/772 773/773/773 774/774/774
f 773/773/773 775/775/775 774/774/774
f 774/774/774 775/775/775 776/776/776
f 775/775/775 777/777/777 776/776/776
f 776/776/776 777/777/777 778/778/778
f 777/777/777 779/779/779 778/778/778
f 778/778/778 779/779/779 780/780/780
g LyophilizedPowder
usemtl Powder_White
v 0.920000 -1.100000 0.000000
v 0.920000 -0.500000 0.000000
v 0.915570 -1.100000 0.090176
v 0.915570 -0.500000 0.090176
v 0.902322 -1.100000 0.179483
v 0.902322 -0.500000 0.179483
v 0.880385 -1.100000 0.267062
v 0.880385 -0.500000 0.267062
v 0.849969 -1.100000 0.352069
v 0.849969 -0.500000 0.352069
v 0.811368 -1.100000 0.433685
v 0.811368 -0.500000 0.433685
v 0.764952 -1.100000 0.511125
v 0.764952 -0.500000 0.511125
v 0.711170 -1.100000 0.583642
v 0.711170 -0.500000 0.583642
v 0.650538 -1.100000 0.650538
v 0.650538 -0.500000 0.650538
v 0.583642 -1.100000 0.711170
v 0.583642 -0.500000 0.711170
v 0.511125 -1.100000 0.764952
v 0.511125 -0.500000 0.764952
v 0.433685 -1.100000 0.811368
v 0.433685 -0.500000 0.811368
v 0.352069 -1.100000 0.849969
v 0.352069 -0.500000 0.849969
v 0.267062 -1.100000 0.880385
v 0.267062 -0.500000 0.880385
v 0.179483 -1.100000 0.902322
v 0.179483 -0.500000 0.902322
v 0.090176 -1.100000 0.915570
v 0.090176 -0.500000 0.915570
v 0.000000 -1.100000 0.920000
v 0.000000 -0.500000 0.920000
v -0.090176 -1.100000 0.915570
v -0.090176 -0.500000 0.915570
v -0.179483 -1.100000 0.902322
v -0.179483 -0.500000 0.902322
v -0.267062 -1.100000 0.880385
v -0.267062 -0.500000 0.880385
v -0.352069 -1.100000 0.849969
v -0.352069 -0.500000 0.849969
v -0.433685 -1.100000 0.811368
v -0.433685 -0.500000 0.811368
v -0.511125 -1.100000 0.764952
v -0.511125 -0.500000 0.764952
v -0.583642 -1.100000 0.711170
v -0.583642 -0.500000 0.711170
v -0.650538 -1.100000 0.650538
v -0.650538 -0.500000 0.650538
v -0.711170 -1.100000 0.583642
v -0.711170 -0.500000 0.583642
v -0.764952 -1.100000 0.511125
v -0.764952 -0.500000 0.511125
v -0.811368 -1.100000 0.433685
v -0.811368 -0.500000 0.433685
v -0.849969 -1.100000 0.352069
v -0.849969 -0.500000 0.352069
v -0.880385 -1.100000 0.267062
v -0.880385 -0.500000 0.267062
v -0.902322 -1.100000 0.179483
v -0.902322 -0.500000 0.179483
v -0.915570 -1.100000 0.090176
v -0.915570 -0.500000 0.090176
v -0.920000 -1.100000 0.000000
v -0.920000 -0.500000 0.000000
v -0.915570 -1.100000 -0.090176
v -0.915570 -0.500000 -0.090176
v -0.902322 -1.100000 -0.179483
v -0.902322 -0.500000 -0.179483
v -0.880385 -1.100000 -0.267062
v -0.880385 -0.500000 -0.267062
v -0.849969 -1.100000 -0.352069
v -0.849969 -0.500000 -0.352069
v -0.811368 -1.100000 -0.433685
v -0.811368 -0.500000 -0.433685
v -0.764952 -1.100000 -0.511125
v -0.764952 -0.500000 -0.511125
v -0.711170 -1.100000 -0.583642
v -0.711170 -0.500000 -0.583642
v -0.650538 -1.100000 -0.650538
v -0.650538 -0.500000 -0.650538
v -0.583642 -1.100000 -0.711170
v -0.583642 -0.500000 -0.711170
v -0.511125 -1.100000 -0.764952
v -0.511125 -0.500000 -0.764952
v -0.433685 -1.100000 -0.811368
v -0.433685 -0.500000 -0.811368
v -0.352069 -1.100000 -0.849969
v -0.352069 -0.500000 -0.849969
v -0.267062 -1.100000 -0.880385
v -0.267062 -0.500000 -0.880385
v -0.179483 -1.100000 -0.902322
v -0.179483 -0.500000 -0.902322
v -0.090176 -1.100000 -0.915570
v -0.090176 -0.500000 -0.915570
v -0.000000 -1.100000 -0.920000
v -0.000000 -0.500000 -0.920000
v 0.090176 -1.100000 -0.915570
v 0.090176 -0.500000 -0.915570
v 0.179483 -1.100000 -0.902322
v 0.179483 -0.500000 -0.902322
v 0.267062 -1.100000 -0.880385
v 0.267062 -0.500000 -0.880385
v 0.352069 -1.100000 -0.849969
v 0.352069 -0.500000 -0.849969
v 0.433685 -1.100000 -0.811368
v 0.433685 -0.500000 -0.811368
v 0.511125 -1.100000 -0.764952
v 0.511125 -0.500000 -0.764952
v 0.583642 -1.100000 -0.711170
v 0.583642 -0.500000 -0.711170
v 0.650538 -1.100000 -0.650538
v 0.650538 -0.500000 -0.650538
v 0.711170 -1.100000 -0.583642
v 0.711170 -0.500000 -0.583642
v 0.764952 -1.100000 -0.511125
v 0.764952 -0.500000 -0.511125
v 0.811368 -1.100000 -0.433685
v 0.811368 -0.500000 -0.433685
v 0.849969 -1.100000 -0.352069
v 0.849969 -0.500000 -0.352069
v 0.880385 -1.100000 -0.267062
v 0.880385 -0.500000 -0.267062
v 0.902322 -1.100000 -0.179483
v 0.902322 -0.500000 -0.179483
v 0.915570 -1.100000 -0.090176
v 0.915570 -0.500000 -0.090176
v 0.920000 -1.100000 -0.000000
v 0.920000 -0.500000 -0.000000
vt 0.000000 0.000000
vt 0.000000 1.000000
vt 0.015625 0.000000
vt 0.015625 1.000000
vt 0.031250 0.000000
vt 0.031250 1.000000
vt 0.046875 0.000000
vt 0.046875 1.000000
vt 0.062500 0.000000
vt 0.062500 1.000000
vt 0.078125 0.000000
vt 0.078125 1.000000
vt 0.093750 0.000000
vt 0.093750 1.000000
vt 0.109375 0.000000
vt 0.109375 1.000000
vt 0.125000 0.000000
vt 0.125000 1.000000
vt 0.140625 0.000000
vt 0.140625 1.000000
vt 0.156250 0.000000
vt 0.156250 1.000000
vt 0.171875 0.000000
vt 0.171875 1.000000
vt 0.187500 0.000000
vt 0.187500 1.000000
vt 0.203125 0.000000
vt 0.203125 1.000000
vt 0.218750 0.000000
vt 0.218750 1.000000
vt 0.234375 0.000000
vt 0.234375 1.000000
vt 0.250000 0.000000
vt 0.250000 1.000000
vt 0.265625 0.000000
vt 0.265625 1.000000
vt 0.281250 0.000000
vt 0.281250 1.000000
vt 0.296875 0.000000
vt 0.296875 1.000000
vt 0.312500 0.000000
vt 0.312500 1.000000
vt 0.328125 0.000000
vt 0.328125 1.000000
vt 0.343750 0.000000
vt 0.343750 1.000000
vt 0.359375 0.000000
vt 0.359375 1.000000
vt 0.375000 0.000000
vt 0.375000 1.000000
vt 0.390625 0.000000
vt 0.390625 1.000000
vt 0.406250 0.000000
vt 0.406250 1.000000
vt 0.421875 0.000000
vt 0.421875 1.000000
vt 0.437500 0.000000
vt 0.437500 1.000000
vt 0.453125 0.000000
vt 0.453125 1.000000
vt 0.468750 0.000000
vt 0.468750 1.000000
vt 0.484375 0.000000
vt 0.484375 1.000000
vt 0.500000 0.000000
vt 0.500000 1.000000
vt 0.515625 0.000000
vt 0.515625 1.000000
vt 0.531250 0.000000
vt 0.531250 1.000000
vt 0.546875 0.000000
vt 0.546875 1.000000
vt 0.562500 0.000000
vt 0.562500 1.000000
vt 0.578125 0.000000
vt 0.578125 1.000000
vt 0.593750 0.000000
vt 0.593750 1.000000
vt 0.609375 0.000000
vt 0.609375 1.000000
vt 0.625000 0.000000
vt 0.625000 1.000000
vt 0.640625 0.000000
vt 0.640625 1.000000
vt 0.656250 0.000000
vt 0.656250 1.000000
vt 0.671875 0.000000
vt 0.671875 1.000000
vt 0.687500 0.000000
vt 0.687500 1.000000
vt 0.703125 0.000000
vt 0.703125 1.000000
vt 0.718750 0.000000
vt 0.718750 1.000000
vt 0.734375 0.000000
vt 0.734375 1.000000
vt 0.750000 0.000000
vt 0.750000 1.000000
vt 0.765625 0.000000
vt 0.765625 1.000000
vt 0.781250 0.000000
vt 0.781250 1.000000
vt 0.796875 0.000000
vt 0.796875 1.000000
vt 0.812500 0.000000
vt 0.812500 1.000000
vt 0.828125 0.000000
vt 0.828125 1.000000
vt 0.843750 0.000000
vt 0.843750 1.000000
vt 0.859375 0.000000
vt 0.859375 1.000000
vt 0.875000 0.000000
vt 0.875000 1.000000
vt 0.890625 0.000000
vt 0.890625 1.000000
vt 0.906250 0.000000
vt 0.906250 1.000000
vt 0.921875 0.000000
vt 0.921875 1.000000
vt 0.937500 0.000000
vt 0.937500 1.000000
vt 0.953125 0.000000
vt 0.953125 1.000000
vt 0.968750 0.000000
vt 0.968750 1.000000
vt 0.984375 0.000000
vt 0.984375 1.000000
vt 1.000000 0.000000
vt 1.000000 1.000000
vn 1.000000 0.000000 0.000000
vn 1.000000 0.000000 0.000000
vn 0.995185 0.000000 0.098017
vn 0.995185 0.000000 0.098017
vn 0.980785 0.000000 0.195090
vn 0.980785 0.000000 0.195090
vn 0.956940 0.000000 0.290285
vn 0.956940 0.000000 0.290285
vn 0.923880 0.000000 0.382683
vn 0.923880 0.000000 0.382683
vn 0.881921 0.000000 0.471397
vn 0.881921 0.000000 0.471397
vn 0.831470 0.000000 0.555570
vn 0.831470 0.000000 0.555570
vn 0.773010 0.000000 0.634393
vn 0.773010 0.000000 0.634393
vn 0.707107 0.000000 0.707107
vn 0.707107 0.000000 0.707107
vn 0.634393 0.000000 0.773010
vn 0.634393 0.000000 0.773010
vn 0.555570 0.000000 0.831470
vn 0.555570 0.000000 0.831470
vn 0.471397 0.000000 0.881921
vn 0.471397 0.000000 0.881921
vn 0.382683 0.000000 0.923880
vn 0.382683 0.000000 0.923880
vn 0.290285 0.000000 0.956940
vn 0.290285 0.000000 0.956940
vn 0.195090 0.000000 0.980785
vn 0.195090 0.000000 0.980785
vn 0.098017 0.000000 0.995185
vn 0.098017 0.000000 0.995185
vn 0.000000 0.000000 1.000000
vn 0.000000 0.000000 1.000000
vn -0.098017 0.000000 0.995185
vn -0.098017 0.000000 0.995185
vn -0.195090 0.000000 0.980785
vn -0.195090 0.000000 0.980785
vn -0.290285 0.000000 0.956940
vn -0.290285 0.000000 0.956940
vn -0.382683 0.000000 0.923880
vn -0.382683 0.000000 0.923880
vn -0.471397 0.000000 0.881921
vn -0.471397 0.000000 0.881921
vn -0.555570 0.000000 0.831470
vn -0.555570 0.000000 0.831470
vn -0.634393 0.000000 0.773010
vn -0.634393 0.000000 0.773010
vn -0.707107 0.000000 0.707107
vn -0.707107 0.000000 0.707107
vn -0.773010 0.000000 0.634393
vn -0.773010 0.000000 0.634393
vn -0.831470 0.000000 0.555570
vn -0.831470 0.000000 0.555570
vn -0.881921 0.000000 0.471397
vn -0.881921 0.000000 0.471397
vn -0.923880 0.000000 0.382683
vn -0.923880 0.000000 0.382683
vn -0.956940 0.000000 0.290285
vn -0.956940 0.000000 0.290285
vn -0.980785 0.000000 0.195090
vn -0.980785 0.000000 0.195090
vn -0.995185 0.000000 0.098017
vn -0.995185 0.000000 0.098017
vn -1.000000 0.000000 0.000000
vn -1.000000 0.000000 0.000000
vn -0.995185 0.000000 -0.098017
vn -0.995185 0.000000 -0.098017
vn -0.980785 0.000000 -0.195090
vn -0.980785 0.000000 -0.195090
vn -0.956940 0.000000 -0.290285
vn -0.956940 0.000000 -0.290285
vn -0.923880 0.000000 -0.382683
vn -0.923880 0.000000 -0.382683
vn -0.881921 0.000000 -0.471397
vn -0.881921 0.000000 -0.471397
vn -0.831470 0.000000 -0.555570
vn -0.831470 0.000000 -0.555570
vn -0.773010 0.000000 -0.634393
vn -0.773010 0.000000 -0.634393
vn -0.707107 0.000000 -0.707107
vn -0.707107 0.000000 -0.707107
vn -0.634393 0.000000 -0.773010
vn -0.634393 0.000000 -0.773010
vn -0.555570 0.000000 -0.831470
vn -0.555570 0.000000 -0.831470
vn -0.471397 0.000000 -0.881921
vn -0.471397 0.000000 -0.881921
vn -0.382683 0.000000 -0.923880
vn -0.382683 0.000000 -0.923880
vn -0.290285 0.000000 -0.956940
vn -0.290285 0.000000 -0.956940
vn -0.195090 0.000000 -0.980785
vn -0.195090 0.000000 -0.980785
vn -0.098017 0.000000 -0.995185
vn -0.098017 0.000000 -0.995185
vn -0.000000 0.000000 -1.000000
vn -0.000000 0.000000 -1.000000
vn 0.098017 0.000000 -0.995185
vn 0.098017 0.000000 -0.995185
vn 0.195090 0.000000 -0.980785
vn 0.195090 0.000000 -0.980785
vn 0.290285 0.000000 -0.956940
vn 0.290285 0.000000 -0.956940
vn 0.382683 0.000000 -0.923880
vn 0.382683 0.000000 -0.923880
vn 0.471397 0.000000 -0.881921
vn 0.471397 0.000000 -0.881921
vn 0.555570 0.000000 -0.831470
vn 0.555570 0.000000 -0.831470
vn 0.634393 0.000000 -0.773010
vn 0.634393 0.000000 -0.773010
vn 0.707107 0.000000 -0.707107
vn 0.707107 0.000000 -0.707107
vn 0.773010 0.000000 -0.634393
vn 0.773010 0.000000 -0.634393
vn 0.831470 0.000000 -0.555570
vn 0.831470 0.000000 -0.555570
vn 0.881921 0.000000 -0.471397
vn 0.881921 0.000000 -0.471397
vn 0.923880 0.000000 -0.382683
vn 0.923880 0.000000 -0.382683
vn 0.956940 0.000000 -0.290285
vn 0.956940 0.000000 -0.290285
vn 0.980785 0.000000 -0.195090
vn 0.980785 0.000000 -0.195090
vn 0.995185 0.000000 -0.098017
vn 0.995185 0.000000 -0.098017
vn 1.000000 0.000000 -0.000000
vn 1.000000 0.000000 -0.000000
f 781/781/781 783/783/783 782/782/782
f 782/782/782 783/783/783 784/784/784
f 783/783/783 785/785/785 784/784/784
f 784/784/784 785/785/785 786/786/786
f 785/785/785 787/787/787 786/786/786
f 786/786/786 787/787/787 788/788/788
f 787/787/787 789/789/789 788/788/788
f 788/788/788 789/789/789 790/790/790
f 789/789/789 791/791/791 790/790/790
f 790/790/790 791/791/791 792/792/792
f 791/791/791 793/793/793 792/792/792
f 792/792/792 793/793/793 794/794/794
f 793/793/793 795/795/795 794/794/794
f 794/794/794 795/795/795 796/796/796
f 795/795/795 797/797/797 796/796/796
f 796/796/796 797/797/797 798/798/798
f 797/797/797 799/799/799 798/798/798
f 798/798/798 799/799/799 800/800/800
f 799/799/799 801/801/801 800/800/800
f 800/800/800 801/801/801 802/802/802
f 801/801/801 803/803/803 802/802/802
f 802/802/802 803/803/803 804/804/804
f 803/803/803 805/805/805 804/804/804
f 804/804/804 805/805/805 806/806/806
f 805/805/805 807/807/807 806/806/806
f 806/806/806 807/807/807 808/808/808
f 807/807/807 809/809/809 808/808/808
f 808/808/808 809/809/809 810/810/810
f 809/809/809 811/811/811 810/810/810
f 810/810/810 811/811/811 812/812/812
f 811/811/811 813/813/813 812/812/812
f 812/812/812 813/813/813 814/814/814
f 813/813/813 815/815/815 814/814/814
f 814/814/814 815/815/815 816/816/816
f 815/815/815 817/817/817 816/816/816
f 816/816/816 817/817/817 818/818/818
f 817/817/817 819/819/819 818/818/818
f 818/818/818 819/819/819 820/820/820
f 819/819/819 821/821/821 820/820/820
f 820/820/820 821/821/821 822/822/822
f 821/821/821 823/823/823 822/822/822
f 822/822/822 823/823/823 824/824/824
f 823/823/823 825/825/825 824/824/824
f 824/824/824 825/825/825 826/826/826
f 825/825/825 827/827/827 826/826/826
f 826/826/826 827/827/827 828/828/828
f 827/827/827 829/829/829 828/828/828
f 828/828/828 829/829/829 830/830/830
f 829/829/829 831/831/831 830/830/830
f 830/830/830 831/831/831 832/832/832
f 831/831/831 833/833/833 832/832/832
f 832/832/832 833/833/833 834/834/834
f 833/833/833 835/835/835 834/834/834
f 834/834/834 835/835/835 836/836/836
f 835/835/835 837/837/837 836/836/836
f 836/836/836 837/837/837 838/838/838
f 837/837/837 839/839/839 838/838/838
f 838/838/838 839/839/839 840/840/840
f 839/839/839 841/841/841 840/840/840
f 840/840/840 841/841/841 842/842/842
f 841/841/841 843/843/843 842/842/842
f 842/842/842 843/843/843 844/844/844
f 843/843/843 845/845/845 844/844/844
f 844/844/844 845/845/845 846/846/846
f 845/845/845 847/847/847 846/846/846
f 846/846/846 847/847/847 848/848/848
f 847/847/847 849/849/849 848/848/848
f 848/848/848 849/849/849 850/850/850
f 849/849/849 851/851/851 850/850/850
f 850/850/850 851/851/851 852/852/852
f 851/851/851 853/853/853 852/852/852
f 852/852/852 853/853/853 854/854/854
f 853/853/853 855/855/855 854/854/854
f 854/854/854 855/855/855 856/856/856
f 855/855/855 857/857/857 856/856/856
f 856/856/856 857/857/857 858/858/858
f 857/857/857 859/859/859 858/858/858
f 858/858/858 859/859/859 860/860/860
f 859/859/859 861/861/861 860/860/860
f 860/860/860 861/861/861 862/862/862
f 861/861/861 863/863/863 862/862/862
f 862/862/862 863/863/863 864/864/864
f 863/863/863 865/865/865 864/864/864
f 864/864/864 865/865/865 866/866/866
f 865/865/865 867/867/867 866/866/866
f 866/866/866 867/867/867 868/868/868
f 867/867/867 869/869/869 868/868/868
f 868/868/868 869/869/869 870/870/870
f 869/869/869 871/871/871 870/870/870
f 870/870/870 871/871/871 872/872/872
f 871/871/871 873/873/873 872/872/872
f 872/872/872 873/873/873 874/874/874
f 873/873/873 875/875/875 874/874/874
f 874/874/874 875/875/875 876/876/876
f 875/875/875 877/877/877 876/876/876
f 876/876/876 877/877/877 878/878/878
f 877/877/877 879/879/879 878/878/878
f 878/878/878 879/879/879 880/880/880
f 879/879/879 881/881/881 880/880/880
f 880/880/880 881/881/881 882/882/882
f 881/881/881 883/883/883 882/882/882
f 882/882/882 883/883/883 884/884/884
f 883/883/883 885/885/885 884/884/884
f 884/884/884 885/885/885 886/886/886
f 885/885/885 887/887/887 886/886/886
f 886/886/886 887/887/887 888/888/888
f 887/887/887 889/889/889 888/888/888
f 888/888/888 889/889/889 890/890/890
f 889/889/889 891/891/891 890/890/890
f 890/890/890 891/891/891 892/892/892
f 891/891/891 893/893/893 892/892/892
f 892/892/892 893/893/893 894/894/894
f 893/893/893 895/895/895 894/894/894
f 894/894/894 895/895/895 896/896/896
f 895/895/895 897/897/897 896/896/896
f 896/896/896 897/897/897 898/898/898
f 897/897/897 899/899/899 898/898/898
f 898/898/898 899/899/899 900/900/900
f 899/899/899 901/901/901 900/900/900
f 900/900/900 901/901/901 902/902/902
f 901/901/901 903/903/903 902/902/902
f 902/902/902 903/903/903 904/904/904
f 903/903/903 905/905/905 904/904/904
f 904/904/904 905/905/905 906/906/906
f 905/905/905 907/907/907 906/906/906
f 906/906/906 907/907/907 908/908/908
f 907/907/907 909/909/909 908/908/908
f 908/908/908 909/909/909 910/910/910
